name,base_name,Label Name,network,component,hemisphere
7Networks_LH_Vis_1,7networks_lh_vis,7Networks_LH_Vis,visual,visual,L
7Networks_LH_Vis_2,7networks_lh_vis,7Networks_LH_Vis,visual,visual,L
7Networks_LH_Vis_3,7networks_lh_vis,7Networks_LH_Vis,visual,visual,L
7Networks_LH_Vis_4,7networks_lh_vis,7Networks_LH_Vis,visual,visual,L
7Networks_LH_Vis_5,7networks_lh_vis,7Networks_LH_Vis,visual,visual,L
7Networks_LH_Vis_6,7networks_lh_vis,7Networks_LH_Vis,visual,visual,L
7Networks_LH_Vis_7,7networks_lh_vis,7Networks_LH_Vis,visual,visual,L
7Networks_LH_Vis_8,7networks_lh_vis,7Networks_LH_Vis,visual,visual,L
7Networks_LH_Vis_9,7networks_lh_vis,7Networks_LH_Vis,visual,visual,L
7Networks_LH_Vis_10,7networks_lh_vis,7Networks_LH_Vis,visual,visual,L
7Networks_LH_Vis_11,7networks_lh_vis,7Networks_LH_Vis,visual,visual,L
7Networks_LH_Vis_12,7networks_lh_vis,7Networks_LH_Vis,visual,visual,L
7Networks_LH_Vis_13,7networks_lh_vis,7Networks_LH_Vis,visual,visual,L
7Networks_LH_Vis_14,7networks_lh_vis,7Networks_LH_Vis,visual,visual,L
7Networks_LH_Vis_15,7networks_lh_vis,7Networks_LH_Vis,visual,visual,L
7Networks_LH_Vis_16,7networks_lh_vis,7Networks_LH_Vis,visual,visual,L
7Networks_LH_Vis_17,7networks_lh_vis,7Networks_LH_Vis,visual,visual,L
7Networks_LH_Vis_18,7networks_lh_vis,7Networks_LH_Vis,visual,visual,L
7Networks_LH_Vis_19,7networks_lh_vis,7Networks_LH_Vis,visual,visual,L
7Networks_LH_Vis_20,7networks_lh_vis,7Networks_LH_Vis,visual,visual,L
7Networks_LH_Vis_21,7networks_lh_vis,7Networks_LH_Vis,visual,visual,L
7Networks_LH_Vis_22,7networks_lh_vis,7Networks_LH_Vis,visual,visual,L
7Networks_LH_Vis_23,7networks_lh_vis,7Networks_LH_Vis,visual,visual,L
7Networks_LH_Vis_24,7networks_lh_vis,7Networks_LH_Vis,visual,visual,L
7Networks_LH_Vis_25,7networks_lh_vis,7Networks_LH_Vis,visual,visual,L
7Networks_LH_Vis_26,7networks_lh_vis,7Networks_LH_Vis,visual,visual,L
7Networks_LH_Vis_27,7networks_lh_vis,7Networks_LH_Vis,visual,visual,L
7Networks_LH_Vis_28,7networks_lh_vis,7Networks_LH_Vis,visual,visual,L
7Networks_LH_Vis_29,7networks_lh_vis,7Networks_LH_Vis,visual,visual,L
7Networks_LH_Vis_30,7networks_lh_vis,7Networks_LH_Vis,visual,visual,L
7Networks_LH_Vis_31,7networks_lh_vis,7Networks_LH_Vis,visual,visual,L
7Networks_LH_Vis_32,7networks_lh_vis,7Networks_LH_Vis,visual,visual,L
7Networks_LH_Vis_33,7networks_lh_vis,7Networks_LH_Vis,visual,visual,L
7Networks_LH_Vis_34,7networks_lh_vis,7Networks_LH_Vis,visual,visual,L
7Networks_LH_Vis_35,7networks_lh_vis,7Networks_LH_Vis,visual,visual,L
7Networks_LH_Vis_36,7networks_lh_vis,7Networks_LH_Vis,visual,visual,L
7Networks_LH_Vis_37,7networks_lh_vis,7Networks_LH_Vis,visual,visual,L
7Networks_LH_Vis_38,7networks_lh_vis,7Networks_LH_Vis,visual,visual,L
7Networks_LH_Vis_39,7networks_lh_vis,7Networks_LH_Vis,visual,visual,L
7Networks_LH_Vis_40,7networks_lh_vis,7Networks_LH_Vis,visual,visual,L
7Networks_LH_Vis_41,7networks_lh_vis,7Networks_LH_Vis,visual,visual,L
7Networks_LH_Vis_42,7networks_lh_vis,7Networks_LH_Vis,visual,visual,L
7Networks_LH_Vis_43,7networks_lh_vis,7Networks_LH_Vis,visual,visual,L
7Networks_LH_Vis_44,7networks_lh_vis,7Networks_LH_Vis,visual,visual,L
7Networks_LH_Vis_45,7networks_lh_vis,7Networks_LH_Vis,visual,visual,L
7Networks_LH_SomMot_1,7networks_lh_sommot,7Networks_LH_SomMot,somatomotor,somatomotor,L
7Networks_LH_SomMot_2,7networks_lh_sommot,7Networks_LH_SomMot,somatomotor,somatomotor,L
7Networks_LH_SomMot_3,7networks_lh_sommot,7Networks_LH_SomMot,somatomotor,somatomotor,L
7Networks_LH_SomMot_4,7networks_lh_sommot,7Networks_LH_SomMot,somatomotor,somatomotor,L
7Networks_LH_SomMot_5,7networks_lh_sommot,7Networks_LH_SomMot,somatomotor,somatomotor,L
7Networks_LH_SomMot_6,7networks_lh_sommot,7Networks_LH_SomMot,somatomotor,somatomotor,L
7Networks_LH_SomMot_7,7networks_lh_sommot,7Networks_LH_SomMot,somatomotor,somatomotor,L
7Networks_LH_SomMot_8,7networks_lh_sommot,7Networks_LH_SomMot,somatomotor,somatomotor,L
7Networks_LH_SomMot_9,7networks_lh_sommot,7Networks_LH_SomMot,somatomotor,somatomotor,L
7Networks_LH_SomMot_10,7networks_lh_sommot,7Networks_LH_SomMot,somatomotor,somatomotor,L
7Networks_LH_SomMot_11,7networks_lh_sommot,7Networks_LH_SomMot,somatomotor,somatomotor,L
7Networks_LH_SomMot_12,7networks_lh_sommot,7Networks_LH_SomMot,somatomotor,somatomotor,L
7Networks_LH_SomMot_13,7networks_lh_sommot,7Networks_LH_SomMot,somatomotor,somatomotor,L
7Networks_LH_SomMot_14,7networks_lh_sommot,7Networks_LH_SomMot,somatomotor,somatomotor,L
7Networks_LH_SomMot_15,7networks_lh_sommot,7Networks_LH_SomMot,somatomotor,somatomotor,L
7Networks_LH_SomMot_16,7networks_lh_sommot,7Networks_LH_SomMot,somatomotor,somatomotor,L
7Networks_LH_SomMot_17,7networks_lh_sommot,7Networks_LH_SomMot,somatomotor,somatomotor,L
7Networks_LH_SomMot_18,7networks_lh_sommot,7Networks_LH_SomMot,somatomotor,somatomotor,L
7Networks_LH_SomMot_19,7networks_lh_sommot,7Networks_LH_SomMot,somatomotor,somatomotor,L
7Networks_LH_SomMot_20,7networks_lh_sommot,7Networks_LH_SomMot,somatomotor,somatomotor,L
7Networks_LH_SomMot_21,7networks_lh_sommot,7Networks_LH_SomMot,somatomotor,somatomotor,L
7Networks_LH_SomMot_22,7networks_lh_sommot,7Networks_LH_SomMot,somatomotor,somatomotor,L
7Networks_LH_SomMot_23,7networks_lh_sommot,7Networks_LH_SomMot,somatomotor,somatomotor,L
7Networks_LH_SomMot_24,7networks_lh_sommot,7Networks_LH_SomMot,somatomotor,somatomotor,L
7Networks_LH_SomMot_25,7networks_lh_sommot,7Networks_LH_SomMot,somatomotor,somatomotor,L
7Networks_LH_SomMot_26,7networks_lh_sommot,7Networks_LH_SomMot,somatomotor,somatomotor,L
7Networks_LH_SomMot_27,7networks_lh_sommot,7Networks_LH_SomMot,somatomotor,somatomotor,L
7Networks_LH_SomMot_28,7networks_lh_sommot,7Networks_LH_SomMot,somatomotor,somatomotor,L
7Networks_LH_SomMot_29,7networks_lh_sommot,7Networks_LH_SomMot,somatomotor,somatomotor,L
7Networks_LH_SomMot_30,7networks_lh_sommot,7Networks_LH_SomMot,somatomotor,somatomotor,L
7Networks_LH_SomMot_31,7networks_lh_sommot,7Networks_LH_SomMot,somatomotor,somatomotor,L
7Networks_LH_SomMot_32,7networks_lh_sommot,7Networks_LH_SomMot,somatomotor,somatomotor,L
7Networks_LH_SomMot_33,7networks_lh_sommot,7Networks_LH_SomMot,somatomotor,somatomotor,L
7Networks_LH_SomMot_34,7networks_lh_sommot,7Networks_LH_SomMot,somatomotor,somatomotor,L
7Networks_LH_SomMot_35,7networks_lh_sommot,7Networks_LH_SomMot,somatomotor,somatomotor,L
7Networks_LH_SomMot_36,7networks_lh_sommot,7Networks_LH_SomMot,somatomotor,somatomotor,L
7Networks_LH_SomMot_37,7networks_lh_sommot,7Networks_LH_SomMot,somatomotor,somatomotor,L
7Networks_LH_SomMot_38,7networks_lh_sommot,7Networks_LH_SomMot,somatomotor,somatomotor,L
7Networks_LH_SomMot_39,7networks_lh_sommot,7Networks_LH_SomMot,somatomotor,somatomotor,L
7Networks_LH_SomMot_40,7networks_lh_sommot,7Networks_LH_SomMot,somatomotor,somatomotor,L
7Networks_LH_SomMot_41,7networks_lh_sommot,7Networks_LH_SomMot,somatomotor,somatomotor,L
7Networks_LH_SomMot_42,7networks_lh_sommot,7Networks_LH_SomMot,somatomotor,somatomotor,L
7Networks_LH_SomMot_43,7networks_lh_sommot,7Networks_LH_SomMot,somatomotor,somatomotor,L
7Networks_LH_SomMot_44,7networks_lh_sommot,7Networks_LH_SomMot,somatomotor,somatomotor,L
7Networks_LH_SomMot_45,7networks_lh_sommot,7Networks_LH_SomMot,somatomotor,somatomotor,L
7Networks_LH_SomMot_46,7networks_lh_sommot,7Networks_LH_SomMot,somatomotor,somatomotor,L
7Networks_LH_SomMot_47,7networks_lh_sommot,7Networks_LH_SomMot,somatomotor,somatomotor,L
7Networks_LH_SomMot_48,7networks_lh_sommot,7Networks_LH_SomMot,somatomotor,somatomotor,L
7Networks_LH_SomMot_49,7networks_lh_sommot,7Networks_LH_SomMot,somatomotor,somatomotor,L
7Networks_LH_SomMot_50,7networks_lh_sommot,7Networks_LH_SomMot,somatomotor,somatomotor,L
7Networks_LH_SomMot_51,7networks_lh_sommot,7Networks_LH_SomMot,somatomotor,somatomotor,L
7Networks_LH_SomMot_52,7networks_lh_sommot,7Networks_LH_SomMot,somatomotor,somatomotor,L
7Networks_LH_SomMot_53,7networks_lh_sommot,7Networks_LH_SomMot,somatomotor,somatomotor,L
7Networks_LH_SomMot_54,7networks_lh_sommot,7Networks_LH_SomMot,somatomotor,somatomotor,L
7Networks_LH_SomMot_55,7networks_lh_sommot,7Networks_LH_SomMot,somatomotor,somatomotor,L
7Networks_LH_SomMot_56,7networks_lh_sommot,7Networks_LH_SomMot,somatomotor,somatomotor,L
7Networks_LH_DorsAttn_Post_1,7networks_lh_dorsattn_post,7Networks_LH_DorsAttn_Post,dorsal attention,posterior,L
7Networks_LH_DorsAttn_Post_2,7networks_lh_dorsattn_post,7Networks_LH_DorsAttn_Post,dorsal attention,posterior,L
7Networks_LH_DorsAttn_Post_3,7networks_lh_dorsattn_post,7Networks_LH_DorsAttn_Post,dorsal attention,posterior,L
7Networks_LH_DorsAttn_Post_4,7networks_lh_dorsattn_post,7Networks_LH_DorsAttn_Post,dorsal attention,posterior,L
7Networks_LH_DorsAttn_Post_5,7networks_lh_dorsattn_post,7Networks_LH_DorsAttn_Post,dorsal attention,posterior,L
7Networks_LH_DorsAttn_Post_6,7networks_lh_dorsattn_post,7Networks_LH_DorsAttn_Post,dorsal attention,posterior,L
7Networks_LH_DorsAttn_Post_7,7networks_lh_dorsattn_post,7Networks_LH_DorsAttn_Post,dorsal attention,posterior,L
7Networks_LH_DorsAttn_Post_8,7networks_lh_dorsattn_post,7Networks_LH_DorsAttn_Post,dorsal attention,posterior,L
7Networks_LH_DorsAttn_Post_9,7networks_lh_dorsattn_post,7Networks_LH_DorsAttn_Post,dorsal attention,posterior,L
7Networks_LH_DorsAttn_Post_10,7networks_lh_dorsattn_post,7Networks_LH_DorsAttn_Post,dorsal attention,posterior,L
7Networks_LH_DorsAttn_Post_11,7networks_lh_dorsattn_post,7Networks_LH_DorsAttn_Post,dorsal attention,posterior,L
7Networks_LH_DorsAttn_Post_12,7networks_lh_dorsattn_post,7Networks_LH_DorsAttn_Post,dorsal attention,posterior,L
7Networks_LH_DorsAttn_Post_13,7networks_lh_dorsattn_post,7Networks_LH_DorsAttn_Post,dorsal attention,posterior,L
7Networks_LH_DorsAttn_Post_14,7networks_lh_dorsattn_post,7Networks_LH_DorsAttn_Post,dorsal attention,posterior,L
7Networks_LH_DorsAttn_Post_15,7networks_lh_dorsattn_post,7Networks_LH_DorsAttn_Post,dorsal attention,posterior,L
7Networks_LH_DorsAttn_Post_16,7networks_lh_dorsattn_post,7Networks_LH_DorsAttn_Post,dorsal attention,posterior,L
7Networks_LH_DorsAttn_Post_17,7networks_lh_dorsattn_post,7Networks_LH_DorsAttn_Post,dorsal attention,posterior,L
7Networks_LH_DorsAttn_Post_18,7networks_lh_dorsattn_post,7Networks_LH_DorsAttn_Post,dorsal attention,posterior,L
7Networks_LH_DorsAttn_Post_19,7networks_lh_dorsattn_post,7Networks_LH_DorsAttn_Post,dorsal attention,posterior,L
7Networks_LH_DorsAttn_Post_20,7networks_lh_dorsattn_post,7Networks_LH_DorsAttn_Post,dorsal attention,posterior,L
7Networks_LH_DorsAttn_Post_21,7networks_lh_dorsattn_post,7Networks_LH_DorsAttn_Post,dorsal attention,posterior,L
7Networks_LH_DorsAttn_Post_22,7networks_lh_dorsattn_post,7Networks_LH_DorsAttn_Post,dorsal attention,posterior,L
7Networks_LH_DorsAttn_Post_23,7networks_lh_dorsattn_post,7Networks_LH_DorsAttn_Post,dorsal attention,posterior,L
7Networks_LH_DorsAttn_Post_24,7networks_lh_dorsattn_post,7Networks_LH_DorsAttn_Post,dorsal attention,posterior,L
7Networks_LH_DorsAttn_Post_25,7networks_lh_dorsattn_post,7Networks_LH_DorsAttn_Post,dorsal attention,posterior,L
7Networks_LH_DorsAttn_Post_26,7networks_lh_dorsattn_post,7Networks_LH_DorsAttn_Post,dorsal attention,posterior,L
7Networks_LH_DorsAttn_Post_27,7networks_lh_dorsattn_post,7Networks_LH_DorsAttn_Post,dorsal attention,posterior,L
7Networks_LH_DorsAttn_Post_28,7networks_lh_dorsattn_post,7Networks_LH_DorsAttn_Post,dorsal attention,posterior,L
7Networks_LH_DorsAttn_FEF_1,7networks_lh_dorsattn_fef,7Networks_LH_DorsAttn_FEF,dorsal attention,frontal eye fields,L
7Networks_LH_DorsAttn_FEF_2,7networks_lh_dorsattn_fef,7Networks_LH_DorsAttn_FEF,dorsal attention,frontal eye fields,L
7Networks_LH_DorsAttn_FEF_3,7networks_lh_dorsattn_fef,7Networks_LH_DorsAttn_FEF,dorsal attention,frontal eye fields,L
7Networks_LH_DorsAttn_FEF_4,7networks_lh_dorsattn_fef,7Networks_LH_DorsAttn_FEF,dorsal attention,frontal eye fields,L
7Networks_LH_DorsAttn_PrCv_1,7networks_lh_dorsattn_prcv,7Networks_LH_DorsAttn_PrCv,dorsal attention,precentral ventral,L
7Networks_LH_DorsAttn_PrCv_2,7networks_lh_dorsattn_prcv,7Networks_LH_DorsAttn_PrCv,dorsal attention,precentral ventral,L
7Networks_LH_DorsAttn_PrCv_3,7networks_lh_dorsattn_prcv,7Networks_LH_DorsAttn_PrCv,dorsal attention,precentral ventral,L
7Networks_LH_SalVentAttn_ParOper_1,7networks_lh_salventattn_paroper,7Networks_LH_SalVentAttn_ParOper,salience / ventral attention,parietal operculum,L
7Networks_LH_SalVentAttn_ParOper_2,7networks_lh_salventattn_paroper,7Networks_LH_SalVentAttn_ParOper,salience / ventral attention,parietal operculum,L
7Networks_LH_SalVentAttn_ParOper_3,7networks_lh_salventattn_paroper,7Networks_LH_SalVentAttn_ParOper,salience / ventral attention,parietal operculum,L
7Networks_LH_SalVentAttn_ParOper_4,7networks_lh_salventattn_paroper,7Networks_LH_SalVentAttn_ParOper,salience / ventral attention,parietal operculum,L
7Networks_LH_SalVentAttn_ParOper_5,7networks_lh_salventattn_paroper,7Networks_LH_SalVentAttn_ParOper,salience / ventral attention,parietal operculum,L
7Networks_LH_SalVentAttn_ParOper_6,7networks_lh_salventattn_paroper,7Networks_LH_SalVentAttn_ParOper,salience / ventral attention,parietal operculum,L
7Networks_LH_SalVentAttn_TempOcc_1,7networks_lh_salventattn_tempocc,7Networks_LH_SalVentAttn_TempOcc,salience / ventral attention,temporal occipital,L
7Networks_LH_SalVentAttn_FrOperIns_1,7networks_lh_salventattn_froperins,7Networks_LH_SalVentAttn_FrOperIns,salience / ventral attention,frontal operculum insula,L
7Networks_LH_SalVentAttn_FrOperIns_2,7networks_lh_salventattn_froperins,7Networks_LH_SalVentAttn_FrOperIns,salience / ventral attention,frontal operculum insula,L
7Networks_LH_SalVentAttn_FrOperIns_3,7networks_lh_salventattn_froperins,7Networks_LH_SalVentAttn_FrOperIns,salience / ventral attention,frontal operculum insula,L
7Networks_LH_SalVentAttn_FrOperIns_4,7networks_lh_salventattn_froperins,7Networks_LH_SalVentAttn_FrOperIns,salience / ventral attention,frontal operculum insula,L
7Networks_LH_SalVentAttn_FrOperIns_5,7networks_lh_salventattn_froperins,7Networks_LH_SalVentAttn_FrOperIns,salience / ventral attention,frontal operculum insula,L
7Networks_LH_SalVentAttn_FrOperIns_6,7networks_lh_salventattn_froperins,7Networks_LH_SalVentAttn_FrOperIns,salience / ventral attention,frontal operculum insula,L
7Networks_LH_SalVentAttn_FrOperIns_7,7networks_lh_salventattn_froperins,7Networks_LH_SalVentAttn_FrOperIns,salience / ventral attention,frontal operculum insula,L
7Networks_LH_SalVentAttn_FrOperIns_8,7networks_lh_salventattn_froperins,7Networks_LH_SalVentAttn_FrOperIns,salience / ventral attention,frontal operculum insula,L
7Networks_LH_SalVentAttn_FrOperIns_9,7networks_lh_salventattn_froperins,7Networks_LH_SalVentAttn_FrOperIns,salience / ventral attention,frontal operculum insula,L
7Networks_LH_SalVentAttn_FrOperIns_10,7networks_lh_salventattn_froperins,7Networks_LH_SalVentAttn_FrOperIns,salience / ventral attention,frontal operculum insula,L
7Networks_LH_SalVentAttn_FrOperIns_11,7networks_lh_salventattn_froperins,7Networks_LH_SalVentAttn_FrOperIns,salience / ventral attention,frontal operculum insula,L
7Networks_LH_SalVentAttn_PFCl_1,7networks_lh_salventattn_pfcl,7Networks_LH_SalVentAttn_PFCl,salience / ventral attention,lateral prefrontal cortex,L
7Networks_LH_SalVentAttn_PFCl_2,7networks_lh_salventattn_pfcl,7Networks_LH_SalVentAttn_PFCl,salience / ventral attention,lateral prefrontal cortex,L
7Networks_LH_SalVentAttn_Med_1,7networks_lh_salventattn_med,7Networks_LH_SalVentAttn_Med,salience / ventral attention,medial,L
7Networks_LH_SalVentAttn_Med_2,7networks_lh_salventattn_med,7Networks_LH_SalVentAttn_Med,salience / ventral attention,medial,L
7Networks_LH_SalVentAttn_Med_3,7networks_lh_salventattn_med,7Networks_LH_SalVentAttn_Med,salience / ventral attention,medial,L
7Networks_LH_SalVentAttn_Med_4,7networks_lh_salventattn_med,7Networks_LH_SalVentAttn_Med,salience / ventral attention,medial,L
7Networks_LH_SalVentAttn_Med_5,7networks_lh_salventattn_med,7Networks_LH_SalVentAttn_Med,salience / ventral attention,medial,L
7Networks_LH_SalVentAttn_Med_6,7networks_lh_salventattn_med,7Networks_LH_SalVentAttn_Med,salience / ventral attention,medial,L
7Networks_LH_SalVentAttn_Med_7,7networks_lh_salventattn_med,7Networks_LH_SalVentAttn_Med,salience / ventral attention,medial,L
7Networks_LH_SalVentAttn_Med_8,7networks_lh_salventattn_med,7Networks_LH_SalVentAttn_Med,salience / ventral attention,medial,L
7Networks_LH_SalVentAttn_Med_9,7networks_lh_salventattn_med,7Networks_LH_SalVentAttn_Med,salience / ventral attention,medial,L
7Networks_LH_SalVentAttn_Med_10,7networks_lh_salventattn_med,7Networks_LH_SalVentAttn_Med,salience / ventral attention,medial,L
7Networks_LH_SalVentAttn_Med_11,7networks_lh_salventattn_med,7Networks_LH_SalVentAttn_Med,salience / ventral attention,medial,L
7Networks_LH_SalVentAttn_Med_12,7networks_lh_salventattn_med,7Networks_LH_SalVentAttn_Med,salience / ventral attention,medial,L
7Networks_LH_SalVentAttn_Med_13,7networks_lh_salventattn_med,7Networks_LH_SalVentAttn_Med,salience / ventral attention,medial,L
7Networks_LH_SalVentAttn_Med_14,7networks_lh_salventattn_med,7Networks_LH_SalVentAttn_Med,salience / ventral attention,medial,L
7Networks_LH_Limbic_OFC_1,7networks_lh_limbic_ofc,7Networks_LH_Limbic_OFC,limbic,orbital frontal cortex,L
7Networks_LH_Limbic_OFC_2,7networks_lh_limbic_ofc,7Networks_LH_Limbic_OFC,limbic,orbital frontal cortex,L
7Networks_LH_Limbic_OFC_3,7networks_lh_limbic_ofc,7Networks_LH_Limbic_OFC,limbic,orbital frontal cortex,L
7Networks_LH_Limbic_OFC_4,7networks_lh_limbic_ofc,7Networks_LH_Limbic_OFC,limbic,orbital frontal cortex,L
7Networks_LH_Limbic_OFC_5,7networks_lh_limbic_ofc,7Networks_LH_Limbic_OFC,limbic,orbital frontal cortex,L
7Networks_LH_Limbic_OFC_6,7networks_lh_limbic_ofc,7Networks_LH_Limbic_OFC,limbic,orbital frontal cortex,L
7Networks_LH_Limbic_OFC_7,7networks_lh_limbic_ofc,7Networks_LH_Limbic_OFC,limbic,orbital frontal cortex,L
7Networks_LH_Limbic_OFC_8,7networks_lh_limbic_ofc,7Networks_LH_Limbic_OFC,limbic,orbital frontal cortex,L
7Networks_LH_Limbic_TempPole_1,7networks_lh_limbic_temppole,7Networks_LH_Limbic_TempPole,limbic,temporal pole,L
7Networks_LH_Limbic_TempPole_2,7networks_lh_limbic_temppole,7Networks_LH_Limbic_TempPole,limbic,temporal pole,L
7Networks_LH_Limbic_TempPole_3,7networks_lh_limbic_temppole,7Networks_LH_Limbic_TempPole,limbic,temporal pole,L
7Networks_LH_Limbic_TempPole_4,7networks_lh_limbic_temppole,7Networks_LH_Limbic_TempPole,limbic,temporal pole,L
7Networks_LH_Limbic_TempPole_5,7networks_lh_limbic_temppole,7Networks_LH_Limbic_TempPole,limbic,temporal pole,L
7Networks_LH_Limbic_TempPole_6,7networks_lh_limbic_temppole,7Networks_LH_Limbic_TempPole,limbic,temporal pole,L
7Networks_LH_Limbic_TempPole_7,7networks_lh_limbic_temppole,7Networks_LH_Limbic_TempPole,limbic,temporal pole,L
7Networks_LH_Limbic_TempPole_8,7networks_lh_limbic_temppole,7Networks_LH_Limbic_TempPole,limbic,temporal pole,L
7Networks_LH_Limbic_TempPole_9,7networks_lh_limbic_temppole,7Networks_LH_Limbic_TempPole,limbic,temporal pole,L
7Networks_LH_Limbic_TempPole_10,7networks_lh_limbic_temppole,7Networks_LH_Limbic_TempPole,limbic,temporal pole,L
7Networks_LH_Limbic_TempPole_11,7networks_lh_limbic_temppole,7Networks_LH_Limbic_TempPole,limbic,temporal pole,L
7Networks_LH_Limbic_TempPole_12,7networks_lh_limbic_temppole,7Networks_LH_Limbic_TempPole,limbic,temporal pole,L
7Networks_LH_Limbic_TempPole_13,7networks_lh_limbic_temppole,7Networks_LH_Limbic_TempPole,limbic,temporal pole,L
7Networks_LH_Limbic_TempPole_14,7networks_lh_limbic_temppole,7Networks_LH_Limbic_TempPole,limbic,temporal pole,L
7Networks_LH_Cont_Par_1,7networks_lh_cont_par,7Networks_LH_Cont_Par,control,parietal ,L
7Networks_LH_Cont_Par_2,7networks_lh_cont_par,7Networks_LH_Cont_Par,control,parietal ,L
7Networks_LH_Cont_Par_3,7networks_lh_cont_par,7Networks_LH_Cont_Par,control,parietal ,L
7Networks_LH_Cont_Par_4,7networks_lh_cont_par,7Networks_LH_Cont_Par,control,parietal ,L
7Networks_LH_Cont_Par_5,7networks_lh_cont_par,7Networks_LH_Cont_Par,control,parietal ,L
7Networks_LH_Cont_Par_6,7networks_lh_cont_par,7Networks_LH_Cont_Par,control,parietal ,L
7Networks_LH_Cont_Par_7,7networks_lh_cont_par,7Networks_LH_Cont_Par,control,parietal ,L
7Networks_LH_Cont_Par_8,7networks_lh_cont_par,7Networks_LH_Cont_Par,control,parietal ,L
7Networks_LH_Cont_Par_9,7networks_lh_cont_par,7Networks_LH_Cont_Par,control,parietal ,L
7Networks_LH_Cont_Temp_1,7networks_lh_cont_temp,7Networks_LH_Cont_Temp,control,temporal,L
7Networks_LH_Cont_PFCd_1,7networks_lh_cont_pfcd,7Networks_LH_Cont_PFCd,control,dorsal prefrontal cortex,L
7Networks_LH_Cont_PFCd_2,7networks_lh_cont_pfcd,7Networks_LH_Cont_PFCd,control,dorsal prefrontal cortex,L
7Networks_LH_Cont_OFC_1,7networks_lh_cont_ofc,7Networks_LH_Cont_OFC,control,orbital frontal cortex,L
7Networks_LH_Cont_PFCl_1,7networks_lh_cont_pfcl,7Networks_LH_Cont_PFCl,control,lateral prefrontal cortex,L
7Networks_LH_Cont_PFCl_2,7networks_lh_cont_pfcl,7Networks_LH_Cont_PFCl,control,lateral prefrontal cortex,L
7Networks_LH_Cont_PFCl_3,7networks_lh_cont_pfcl,7Networks_LH_Cont_PFCl,control,lateral prefrontal cortex,L
7Networks_LH_Cont_PFCl_4,7networks_lh_cont_pfcl,7Networks_LH_Cont_PFCl,control,lateral prefrontal cortex,L
7Networks_LH_Cont_PFCl_5,7networks_lh_cont_pfcl,7Networks_LH_Cont_PFCl,control,lateral prefrontal cortex,L
7Networks_LH_Cont_PFCl_6,7networks_lh_cont_pfcl,7Networks_LH_Cont_PFCl,control,lateral prefrontal cortex,L
7Networks_LH_Cont_PFCl_7,7networks_lh_cont_pfcl,7Networks_LH_Cont_PFCl,control,lateral prefrontal cortex,L
7Networks_LH_Cont_PFCl_8,7networks_lh_cont_pfcl,7Networks_LH_Cont_PFCl,control,lateral prefrontal cortex,L
7Networks_LH_Cont_PFCl_9,7networks_lh_cont_pfcl,7Networks_LH_Cont_PFCl,control,lateral prefrontal cortex,L
7Networks_LH_Cont_PFCl_10,7networks_lh_cont_pfcl,7Networks_LH_Cont_PFCl,control,lateral prefrontal cortex,L
7Networks_LH_Cont_PFCl_11,7networks_lh_cont_pfcl,7Networks_LH_Cont_PFCl,control,lateral prefrontal cortex,L
7Networks_LH_Cont_PFCl_12,7networks_lh_cont_pfcl,7Networks_LH_Cont_PFCl,control,lateral prefrontal cortex,L
7Networks_LH_Cont_PFCl_13,7networks_lh_cont_pfcl,7Networks_LH_Cont_PFCl,control,lateral prefrontal cortex,L
7Networks_LH_Cont_PFCv_1,7networks_lh_cont_pfcv,7Networks_LH_Cont_PFCv,control,ventral prefrontal cortex,L
7Networks_LH_Cont_PFCv_2,7networks_lh_cont_pfcv,7Networks_LH_Cont_PFCv,control,ventral prefrontal cortex,L
7Networks_LH_Cont_pCun_1,7networks_lh_cont_pcun,7Networks_LH_Cont_pCun,control,precuneus,L
7Networks_LH_Cont_pCun_2,7networks_lh_cont_pcun,7Networks_LH_Cont_pCun,control,precuneus,L
7Networks_LH_Cont_Cing_1,7networks_lh_cont_cing,7Networks_LH_Cont_Cing,control,cingulate,L
7Networks_LH_Cont_Cing_2,7networks_lh_cont_cing,7Networks_LH_Cont_Cing,control,cingulate,L
7Networks_LH_Cont_Cing_3,7networks_lh_cont_cing,7Networks_LH_Cont_Cing,control,cingulate,L
7Networks_LH_Cont_Cing_4,7networks_lh_cont_cing,7Networks_LH_Cont_Cing,control,cingulate,L
7Networks_LH_Cont_PFCmp_1,7networks_lh_cont_pfcmp,7Networks_LH_Cont_PFCmp,control,medial posterior prefrontal cortex,L
7Networks_LH_Cont_PFCmp_2,7networks_lh_cont_pfcmp,7Networks_LH_Cont_PFCmp,control,medial posterior prefrontal cortex,L
7Networks_LH_Default_Temp_1,7networks_lh_default_temp,7Networks_LH_Default_Temp,default,temporal,L
7Networks_LH_Default_Temp_2,7networks_lh_default_temp,7Networks_LH_Default_Temp,default,temporal,L
7Networks_LH_Default_Temp_3,7networks_lh_default_temp,7Networks_LH_Default_Temp,default,temporal,L
7Networks_LH_Default_Temp_4,7networks_lh_default_temp,7Networks_LH_Default_Temp,default,temporal,L
7Networks_LH_Default_Temp_5,7networks_lh_default_temp,7Networks_LH_Default_Temp,default,temporal,L
7Networks_LH_Default_Temp_6,7networks_lh_default_temp,7Networks_LH_Default_Temp,default,temporal,L
7Networks_LH_Default_Temp_7,7networks_lh_default_temp,7Networks_LH_Default_Temp,default,temporal,L
7Networks_LH_Default_Temp_8,7networks_lh_default_temp,7Networks_LH_Default_Temp,default,temporal,L
7Networks_LH_Default_Temp_9,7networks_lh_default_temp,7Networks_LH_Default_Temp,default,temporal,L
7Networks_LH_Default_Temp_10,7networks_lh_default_temp,7Networks_LH_Default_Temp,default,temporal,L
7Networks_LH_Default_Temp_11,7networks_lh_default_temp,7Networks_LH_Default_Temp,default,temporal,L
7Networks_LH_Default_Temp_12,7networks_lh_default_temp,7Networks_LH_Default_Temp,default,temporal,L
7Networks_LH_Default_Par_1,7networks_lh_default_par,7Networks_LH_Default_Par,default,parietal,L
7Networks_LH_Default_Par_2,7networks_lh_default_par,7Networks_LH_Default_Par,default,parietal,L
7Networks_LH_Default_Par_3,7networks_lh_default_par,7Networks_LH_Default_Par,default,parietal,L
7Networks_LH_Default_Par_4,7networks_lh_default_par,7Networks_LH_Default_Par,default,parietal,L
7Networks_LH_Default_Par_5,7networks_lh_default_par,7Networks_LH_Default_Par,default,parietal,L
7Networks_LH_Default_Par_6,7networks_lh_default_par,7Networks_LH_Default_Par,default,parietal,L
7Networks_LH_Default_Par_7,7networks_lh_default_par,7Networks_LH_Default_Par,default,parietal,L
7Networks_LH_Default_Par_8,7networks_lh_default_par,7Networks_LH_Default_Par,default,parietal,L
7Networks_LH_Default_Par_9,7networks_lh_default_par,7Networks_LH_Default_Par,default,parietal,L
7Networks_LH_Default_Par_10,7networks_lh_default_par,7Networks_LH_Default_Par,default,parietal,L
7Networks_LH_Default_Par_11,7networks_lh_default_par,7Networks_LH_Default_Par,default,parietal,L
7Networks_LH_Default_Par_12,7networks_lh_default_par,7Networks_LH_Default_Par,default,parietal,L
7Networks_LH_Default_Par_13,7networks_lh_default_par,7Networks_LH_Default_Par,default,parietal,L
7Networks_LH_Default_PFC_1,7networks_lh_default_pfc,7Networks_LH_Default_PFC,default,prefrontal cortex,L
7Networks_LH_Default_PFC_2,7networks_lh_default_pfc,7Networks_LH_Default_PFC,default,prefrontal cortex,L
7Networks_LH_Default_PFC_3,7networks_lh_default_pfc,7Networks_LH_Default_PFC,default,prefrontal cortex,L
7Networks_LH_Default_PFC_4,7networks_lh_default_pfc,7Networks_LH_Default_PFC,default,prefrontal cortex,L
7Networks_LH_Default_PFC_5,7networks_lh_default_pfc,7Networks_LH_Default_PFC,default,prefrontal cortex,L
7Networks_LH_Default_PFC_6,7networks_lh_default_pfc,7Networks_LH_Default_PFC,default,prefrontal cortex,L
7Networks_LH_Default_PFC_7,7networks_lh_default_pfc,7Networks_LH_Default_PFC,default,prefrontal cortex,L
7Networks_LH_Default_PFC_8,7networks_lh_default_pfc,7Networks_LH_Default_PFC,default,prefrontal cortex,L
7Networks_LH_Default_PFC_9,7networks_lh_default_pfc,7Networks_LH_Default_PFC,default,prefrontal cortex,L
7Networks_LH_Default_PFC_10,7networks_lh_default_pfc,7Networks_LH_Default_PFC,default,prefrontal cortex,L
7Networks_LH_Default_PFC_11,7networks_lh_default_pfc,7Networks_LH_Default_PFC,default,prefrontal cortex,L
7Networks_LH_Default_PFC_12,7networks_lh_default_pfc,7Networks_LH_Default_PFC,default,prefrontal cortex,L
7Networks_LH_Default_PFC_13,7networks_lh_default_pfc,7Networks_LH_Default_PFC,default,prefrontal cortex,L
7Networks_LH_Default_PFC_14,7networks_lh_default_pfc,7Networks_LH_Default_PFC,default,prefrontal cortex,L
7Networks_LH_Default_PFC_15,7networks_lh_default_pfc,7Networks_LH_Default_PFC,default,prefrontal cortex,L
7Networks_LH_Default_PFC_16,7networks_lh_default_pfc,7Networks_LH_Default_PFC,default,prefrontal cortex,L
7Networks_LH_Default_PFC_17,7networks_lh_default_pfc,7Networks_LH_Default_PFC,default,prefrontal cortex,L
7Networks_LH_Default_PFC_18,7networks_lh_default_pfc,7Networks_LH_Default_PFC,default,prefrontal cortex,L
7Networks_LH_Default_PFC_19,7networks_lh_default_pfc,7Networks_LH_Default_PFC,default,prefrontal cortex,L
7Networks_LH_Default_PFC_20,7networks_lh_default_pfc,7Networks_LH_Default_PFC,default,prefrontal cortex,L
7Networks_LH_Default_PFC_21,7networks_lh_default_pfc,7Networks_LH_Default_PFC,default,prefrontal cortex,L
7Networks_LH_Default_PFC_22,7networks_lh_default_pfc,7Networks_LH_Default_PFC,default,prefrontal cortex,L
7Networks_LH_Default_PFC_23,7networks_lh_default_pfc,7Networks_LH_Default_PFC,default,prefrontal cortex,L
7Networks_LH_Default_PFC_24,7networks_lh_default_pfc,7Networks_LH_Default_PFC,default,prefrontal cortex,L
7Networks_LH_Default_PFC_25,7networks_lh_default_pfc,7Networks_LH_Default_PFC,default,prefrontal cortex,L
7Networks_LH_Default_PFC_26,7networks_lh_default_pfc,7Networks_LH_Default_PFC,default,prefrontal cortex,L
7Networks_LH_Default_PFC_27,7networks_lh_default_pfc,7Networks_LH_Default_PFC,default,prefrontal cortex,L
7Networks_LH_Default_PFC_28,7networks_lh_default_pfc,7Networks_LH_Default_PFC,default,prefrontal cortex,L
7Networks_LH_Default_PFC_29,7networks_lh_default_pfc,7Networks_LH_Default_PFC,default,prefrontal cortex,L
7Networks_LH_Default_pCunPCC_1,7networks_lh_default_pcunpcc,7Networks_LH_Default_pCunPCC,default,precuneus posterior cingulate cortex,L
7Networks_LH_Default_pCunPCC_2,7networks_lh_default_pcunpcc,7Networks_LH_Default_pCunPCC,default,precuneus posterior cingulate cortex,L
7Networks_LH_Default_pCunPCC_3,7networks_lh_default_pcunpcc,7Networks_LH_Default_pCunPCC,default,precuneus posterior cingulate cortex,L
7Networks_LH_Default_pCunPCC_4,7networks_lh_default_pcunpcc,7Networks_LH_Default_pCunPCC,default,precuneus posterior cingulate cortex,L
7Networks_LH_Default_pCunPCC_5,7networks_lh_default_pcunpcc,7Networks_LH_Default_pCunPCC,default,precuneus posterior cingulate cortex,L
7Networks_LH_Default_pCunPCC_6,7networks_lh_default_pcunpcc,7Networks_LH_Default_pCunPCC,default,precuneus posterior cingulate cortex,L
7Networks_LH_Default_pCunPCC_7,7networks_lh_default_pcunpcc,7Networks_LH_Default_pCunPCC,default,precuneus posterior cingulate cortex,L
7Networks_LH_Default_pCunPCC_8,7networks_lh_default_pcunpcc,7Networks_LH_Default_pCunPCC,default,precuneus posterior cingulate cortex,L
7Networks_LH_Default_pCunPCC_9,7networks_lh_default_pcunpcc,7Networks_LH_Default_pCunPCC,default,precuneus posterior cingulate cortex,L
7Networks_LH_Default_pCunPCC_10,7networks_lh_default_pcunpcc,7Networks_LH_Default_pCunPCC,default,precuneus posterior cingulate cortex,L
7Networks_LH_Default_pCunPCC_11,7networks_lh_default_pcunpcc,7Networks_LH_Default_pCunPCC,default,precuneus posterior cingulate cortex,L
7Networks_LH_Default_pCunPCC_12,7networks_lh_default_pcunpcc,7Networks_LH_Default_pCunPCC,default,precuneus posterior cingulate cortex,L
7Networks_LH_Default_pCunPCC_13,7networks_lh_default_pcunpcc,7Networks_LH_Default_pCunPCC,default,precuneus posterior cingulate cortex,L
7Networks_LH_Default_pCunPCC_14,7networks_lh_default_pcunpcc,7Networks_LH_Default_pCunPCC,default,precuneus posterior cingulate cortex,L
7Networks_LH_Default_pCunPCC_15,7networks_lh_default_pcunpcc,7Networks_LH_Default_pCunPCC,default,precuneus posterior cingulate cortex,L
7Networks_LH_Default_pCunPCC_16,7networks_lh_default_pcunpcc,7Networks_LH_Default_pCunPCC,default,precuneus posterior cingulate cortex,L
7Networks_LH_Default_pCunPCC_17,7networks_lh_default_pcunpcc,7Networks_LH_Default_pCunPCC,default,precuneus posterior cingulate cortex,L
7Networks_LH_Default_PHC_1,7networks_lh_default_phc,7Networks_LH_Default_PHC,default,parahippocampal cortex,L
7Networks_RH_Vis_1,7networks_rh_vis,7Networks_RH_Vis,visual,visual,R
7Networks_RH_Vis_2,7networks_rh_vis,7Networks_RH_Vis,visual,visual,R
7Networks_RH_Vis_3,7networks_rh_vis,7Networks_RH_Vis,visual,visual,R
7Networks_RH_Vis_4,7networks_rh_vis,7Networks_RH_Vis,visual,visual,R
7Networks_RH_Vis_5,7networks_rh_vis,7Networks_RH_Vis,visual,visual,R
7Networks_RH_Vis_6,7networks_rh_vis,7Networks_RH_Vis,visual,visual,R
7Networks_RH_Vis_7,7networks_rh_vis,7Networks_RH_Vis,visual,visual,R
7Networks_RH_Vis_8,7networks_rh_vis,7Networks_RH_Vis,visual,visual,R
7Networks_RH_Vis_9,7networks_rh_vis,7Networks_RH_Vis,visual,visual,R
7Networks_RH_Vis_10,7networks_rh_vis,7Networks_RH_Vis,visual,visual,R
7Networks_RH_Vis_11,7networks_rh_vis,7Networks_RH_Vis,visual,visual,R
7Networks_RH_Vis_12,7networks_rh_vis,7Networks_RH_Vis,visual,visual,R
7Networks_RH_Vis_13,7networks_rh_vis,7Networks_RH_Vis,visual,visual,R
7Networks_RH_Vis_14,7networks_rh_vis,7Networks_RH_Vis,visual,visual,R
7Networks_RH_Vis_15,7networks_rh_vis,7Networks_RH_Vis,visual,visual,R
7Networks_RH_Vis_16,7networks_rh_vis,7Networks_RH_Vis,visual,visual,R
7Networks_RH_Vis_17,7networks_rh_vis,7Networks_RH_Vis,visual,visual,R
7Networks_RH_Vis_18,7networks_rh_vis,7Networks_RH_Vis,visual,visual,R
7Networks_RH_Vis_19,7networks_rh_vis,7Networks_RH_Vis,visual,visual,R
7Networks_RH_Vis_20,7networks_rh_vis,7Networks_RH_Vis,visual,visual,R
7Networks_RH_Vis_21,7networks_rh_vis,7Networks_RH_Vis,visual,visual,R
7Networks_RH_Vis_22,7networks_rh_vis,7Networks_RH_Vis,visual,visual,R
7Networks_RH_Vis_23,7networks_rh_vis,7Networks_RH_Vis,visual,visual,R
7Networks_RH_Vis_24,7networks_rh_vis,7Networks_RH_Vis,visual,visual,R
7Networks_RH_Vis_25,7networks_rh_vis,7Networks_RH_Vis,visual,visual,R
7Networks_RH_Vis_26,7networks_rh_vis,7Networks_RH_Vis,visual,visual,R
7Networks_RH_Vis_27,7networks_rh_vis,7Networks_RH_Vis,visual,visual,R
7Networks_RH_Vis_28,7networks_rh_vis,7Networks_RH_Vis,visual,visual,R
7Networks_RH_Vis_29,7networks_rh_vis,7Networks_RH_Vis,visual,visual,R
7Networks_RH_Vis_30,7networks_rh_vis,7Networks_RH_Vis,visual,visual,R
7Networks_RH_Vis_31,7networks_rh_vis,7Networks_RH_Vis,visual,visual,R
7Networks_RH_Vis_32,7networks_rh_vis,7Networks_RH_Vis,visual,visual,R
7Networks_RH_Vis_33,7networks_rh_vis,7Networks_RH_Vis,visual,visual,R
7Networks_RH_Vis_34,7networks_rh_vis,7Networks_RH_Vis,visual,visual,R
7Networks_RH_Vis_35,7networks_rh_vis,7Networks_RH_Vis,visual,visual,R
7Networks_RH_Vis_36,7networks_rh_vis,7Networks_RH_Vis,visual,visual,R
7Networks_RH_Vis_37,7networks_rh_vis,7Networks_RH_Vis,visual,visual,R
7Networks_RH_Vis_38,7networks_rh_vis,7Networks_RH_Vis,visual,visual,R
7Networks_RH_Vis_39,7networks_rh_vis,7Networks_RH_Vis,visual,visual,R
7Networks_RH_Vis_40,7networks_rh_vis,7Networks_RH_Vis,visual,visual,R
7Networks_RH_Vis_41,7networks_rh_vis,7Networks_RH_Vis,visual,visual,R
7Networks_RH_Vis_42,7networks_rh_vis,7Networks_RH_Vis,visual,visual,R
7Networks_RH_Vis_43,7networks_rh_vis,7Networks_RH_Vis,visual,visual,R
7Networks_RH_Vis_44,7networks_rh_vis,7Networks_RH_Vis,visual,visual,R
7Networks_RH_SomMot_1,7networks_rh_sommot,7Networks_RH_SomMot,somatomotor,somatomotor,R
7Networks_RH_SomMot_2,7networks_rh_sommot,7Networks_RH_SomMot,somatomotor,somatomotor,R
7Networks_RH_SomMot_3,7networks_rh_sommot,7Networks_RH_SomMot,somatomotor,somatomotor,R
7Networks_RH_SomMot_4,7networks_rh_sommot,7Networks_RH_SomMot,somatomotor,somatomotor,R
7Networks_RH_SomMot_5,7networks_rh_sommot,7Networks_RH_SomMot,somatomotor,somatomotor,R
7Networks_RH_SomMot_6,7networks_rh_sommot,7Networks_RH_SomMot,somatomotor,somatomotor,R
7Networks_RH_SomMot_7,7networks_rh_sommot,7Networks_RH_SomMot,somatomotor,somatomotor,R
7Networks_RH_SomMot_8,7networks_rh_sommot,7Networks_RH_SomMot,somatomotor,somatomotor,R
7Networks_RH_SomMot_9,7networks_rh_sommot,7Networks_RH_SomMot,somatomotor,somatomotor,R
7Networks_RH_SomMot_10,7networks_rh_sommot,7Networks_RH_SomMot,somatomotor,somatomotor,R
7Networks_RH_SomMot_11,7networks_rh_sommot,7Networks_RH_SomMot,somatomotor,somatomotor,R
7Networks_RH_SomMot_12,7networks_rh_sommot,7Networks_RH_SomMot,somatomotor,somatomotor,R
7Networks_RH_SomMot_13,7networks_rh_sommot,7Networks_RH_SomMot,somatomotor,somatomotor,R
7Networks_RH_SomMot_14,7networks_rh_sommot,7Networks_RH_SomMot,somatomotor,somatomotor,R
7Networks_RH_SomMot_15,7networks_rh_sommot,7Networks_RH_SomMot,somatomotor,somatomotor,R
7Networks_RH_SomMot_16,7networks_rh_sommot,7Networks_RH_SomMot,somatomotor,somatomotor,R
7Networks_RH_SomMot_17,7networks_rh_sommot,7Networks_RH_SomMot,somatomotor,somatomotor,R
7Networks_RH_SomMot_18,7networks_rh_sommot,7Networks_RH_SomMot,somatomotor,somatomotor,R
7Networks_RH_SomMot_19,7networks_rh_sommot,7Networks_RH_SomMot,somatomotor,somatomotor,R
7Networks_RH_SomMot_20,7networks_rh_sommot,7Networks_RH_SomMot,somatomotor,somatomotor,R
7Networks_RH_SomMot_21,7networks_rh_sommot,7Networks_RH_SomMot,somatomotor,somatomotor,R
7Networks_RH_SomMot_22,7networks_rh_sommot,7Networks_RH_SomMot,somatomotor,somatomotor,R
7Networks_RH_SomMot_23,7networks_rh_sommot,7Networks_RH_SomMot,somatomotor,somatomotor,R
7Networks_RH_SomMot_24,7networks_rh_sommot,7Networks_RH_SomMot,somatomotor,somatomotor,R
7Networks_RH_SomMot_25,7networks_rh_sommot,7Networks_RH_SomMot,somatomotor,somatomotor,R
7Networks_RH_SomMot_26,7networks_rh_sommot,7Networks_RH_SomMot,somatomotor,somatomotor,R
7Networks_RH_SomMot_27,7networks_rh_sommot,7Networks_RH_SomMot,somatomotor,somatomotor,R
7Networks_RH_SomMot_28,7networks_rh_sommot,7Networks_RH_SomMot,somatomotor,somatomotor,R
7Networks_RH_SomMot_29,7networks_rh_sommot,7Networks_RH_SomMot,somatomotor,somatomotor,R
7Networks_RH_SomMot_30,7networks_rh_sommot,7Networks_RH_SomMot,somatomotor,somatomotor,R
7Networks_RH_SomMot_31,7networks_rh_sommot,7Networks_RH_SomMot,somatomotor,somatomotor,R
7Networks_RH_SomMot_32,7networks_rh_sommot,7Networks_RH_SomMot,somatomotor,somatomotor,R
7Networks_RH_SomMot_33,7networks_rh_sommot,7Networks_RH_SomMot,somatomotor,somatomotor,R
7Networks_RH_SomMot_34,7networks_rh_sommot,7Networks_RH_SomMot,somatomotor,somatomotor,R
7Networks_RH_SomMot_35,7networks_rh_sommot,7Networks_RH_SomMot,somatomotor,somatomotor,R
7Networks_RH_SomMot_36,7networks_rh_sommot,7Networks_RH_SomMot,somatomotor,somatomotor,R
7Networks_RH_SomMot_37,7networks_rh_sommot,7Networks_RH_SomMot,somatomotor,somatomotor,R
7Networks_RH_SomMot_38,7networks_rh_sommot,7Networks_RH_SomMot,somatomotor,somatomotor,R
7Networks_RH_SomMot_39,7networks_rh_sommot,7Networks_RH_SomMot,somatomotor,somatomotor,R
7Networks_RH_SomMot_40,7networks_rh_sommot,7Networks_RH_SomMot,somatomotor,somatomotor,R
7Networks_RH_SomMot_41,7networks_rh_sommot,7Networks_RH_SomMot,somatomotor,somatomotor,R
7Networks_RH_SomMot_42,7networks_rh_sommot,7Networks_RH_SomMot,somatomotor,somatomotor,R
7Networks_RH_SomMot_43,7networks_rh_sommot,7Networks_RH_SomMot,somatomotor,somatomotor,R
7Networks_RH_SomMot_44,7networks_rh_sommot,7Networks_RH_SomMot,somatomotor,somatomotor,R
7Networks_RH_SomMot_45,7networks_rh_sommot,7Networks_RH_SomMot,somatomotor,somatomotor,R
7Networks_RH_SomMot_46,7networks_rh_sommot,7Networks_RH_SomMot,somatomotor,somatomotor,R
7Networks_RH_SomMot_47,7networks_rh_sommot,7Networks_RH_SomMot,somatomotor,somatomotor,R
7Networks_RH_SomMot_48,7networks_rh_sommot,7Networks_RH_SomMot,somatomotor,somatomotor,R
7Networks_RH_SomMot_49,7networks_rh_sommot,7Networks_RH_SomMot,somatomotor,somatomotor,R
7Networks_RH_SomMot_50,7networks_rh_sommot,7Networks_RH_SomMot,somatomotor,somatomotor,R
7Networks_RH_SomMot_51,7networks_rh_sommot,7Networks_RH_SomMot,somatomotor,somatomotor,R
7Networks_RH_SomMot_52,7networks_rh_sommot,7Networks_RH_SomMot,somatomotor,somatomotor,R
7Networks_RH_SomMot_53,7networks_rh_sommot,7Networks_RH_SomMot,somatomotor,somatomotor,R
7Networks_RH_SomMot_54,7networks_rh_sommot,7Networks_RH_SomMot,somatomotor,somatomotor,R
7Networks_RH_SomMot_55,7networks_rh_sommot,7Networks_RH_SomMot,somatomotor,somatomotor,R
7Networks_RH_SomMot_56,7networks_rh_sommot,7Networks_RH_SomMot,somatomotor,somatomotor,R
7Networks_RH_DorsAttn_Post_1,7networks_rh_dorsattn_post,7Networks_RH_DorsAttn_Post,dorsal attention,posterior,R
7Networks_RH_DorsAttn_Post_2,7networks_rh_dorsattn_post,7Networks_RH_DorsAttn_Post,dorsal attention,posterior,R
7Networks_RH_DorsAttn_Post_3,7networks_rh_dorsattn_post,7Networks_RH_DorsAttn_Post,dorsal attention,posterior,R
7Networks_RH_DorsAttn_Post_4,7networks_rh_dorsattn_post,7Networks_RH_DorsAttn_Post,dorsal attention,posterior,R
7Networks_RH_DorsAttn_Post_5,7networks_rh_dorsattn_post,7Networks_RH_DorsAttn_Post,dorsal attention,posterior,R
7Networks_RH_DorsAttn_Post_6,7networks_rh_dorsattn_post,7Networks_RH_DorsAttn_Post,dorsal attention,posterior,R
7Networks_RH_DorsAttn_Post_7,7networks_rh_dorsattn_post,7Networks_RH_DorsAttn_Post,dorsal attention,posterior,R
7Networks_RH_DorsAttn_Post_8,7networks_rh_dorsattn_post,7Networks_RH_DorsAttn_Post,dorsal attention,posterior,R
7Networks_RH_DorsAttn_Post_9,7networks_rh_dorsattn_post,7Networks_RH_DorsAttn_Post,dorsal attention,posterior,R
7Networks_RH_DorsAttn_Post_10,7networks_rh_dorsattn_post,7Networks_RH_DorsAttn_Post,dorsal attention,posterior,R
7Networks_RH_DorsAttn_Post_11,7networks_rh_dorsattn_post,7Networks_RH_DorsAttn_Post,dorsal attention,posterior,R
7Networks_RH_DorsAttn_Post_12,7networks_rh_dorsattn_post,7Networks_RH_DorsAttn_Post,dorsal attention,posterior,R
7Networks_RH_DorsAttn_Post_13,7networks_rh_dorsattn_post,7Networks_RH_DorsAttn_Post,dorsal attention,posterior,R
7Networks_RH_DorsAttn_Post_14,7networks_rh_dorsattn_post,7Networks_RH_DorsAttn_Post,dorsal attention,posterior,R
7Networks_RH_DorsAttn_Post_15,7networks_rh_dorsattn_post,7Networks_RH_DorsAttn_Post,dorsal attention,posterior,R
7Networks_RH_DorsAttn_Post_16,7networks_rh_dorsattn_post,7Networks_RH_DorsAttn_Post,dorsal attention,posterior,R
7Networks_RH_DorsAttn_Post_17,7networks_rh_dorsattn_post,7Networks_RH_DorsAttn_Post,dorsal attention,posterior,R
7Networks_RH_DorsAttn_Post_18,7networks_rh_dorsattn_post,7Networks_RH_DorsAttn_Post,dorsal attention,posterior,R
7Networks_RH_DorsAttn_Post_19,7networks_rh_dorsattn_post,7Networks_RH_DorsAttn_Post,dorsal attention,posterior,R
7Networks_RH_DorsAttn_Post_20,7networks_rh_dorsattn_post,7Networks_RH_DorsAttn_Post,dorsal attention,posterior,R
7Networks_RH_DorsAttn_Post_21,7networks_rh_dorsattn_post,7Networks_RH_DorsAttn_Post,dorsal attention,posterior,R
7Networks_RH_DorsAttn_Post_22,7networks_rh_dorsattn_post,7Networks_RH_DorsAttn_Post,dorsal attention,posterior,R
7Networks_RH_DorsAttn_Post_23,7networks_rh_dorsattn_post,7Networks_RH_DorsAttn_Post,dorsal attention,posterior,R
7Networks_RH_DorsAttn_Post_24,7networks_rh_dorsattn_post,7Networks_RH_DorsAttn_Post,dorsal attention,posterior,R
7Networks_RH_DorsAttn_Post_25,7networks_rh_dorsattn_post,7Networks_RH_DorsAttn_Post,dorsal attention,posterior,R
7Networks_RH_DorsAttn_Post_26,7networks_rh_dorsattn_post,7Networks_RH_DorsAttn_Post,dorsal attention,posterior,R
7Networks_RH_DorsAttn_Post_27,7networks_rh_dorsattn_post,7Networks_RH_DorsAttn_Post,dorsal attention,posterior,R
7Networks_RH_DorsAttn_Post_28,7networks_rh_dorsattn_post,7Networks_RH_DorsAttn_Post,dorsal attention,posterior,R
7Networks_RH_DorsAttn_Post_29,7networks_rh_dorsattn_post,7Networks_RH_DorsAttn_Post,dorsal attention,posterior,R
7Networks_RH_DorsAttn_Post_30,7networks_rh_dorsattn_post,7Networks_RH_DorsAttn_Post,dorsal attention,posterior,R
7Networks_RH_DorsAttn_Post_31,7networks_rh_dorsattn_post,7Networks_RH_DorsAttn_Post,dorsal attention,posterior,R
7Networks_RH_DorsAttn_FEF_1,7networks_rh_dorsattn_fef,7Networks_RH_DorsAttn_FEF,dorsal attention,frontal eye fields,R
7Networks_RH_DorsAttn_FEF_2,7networks_rh_dorsattn_fef,7Networks_RH_DorsAttn_FEF,dorsal attention,frontal eye fields,R
7Networks_RH_DorsAttn_FEF_3,7networks_rh_dorsattn_fef,7Networks_RH_DorsAttn_FEF,dorsal attention,frontal eye fields,R
7Networks_RH_DorsAttn_FEF_4,7networks_rh_dorsattn_fef,7Networks_RH_DorsAttn_FEF,dorsal attention,frontal eye fields,R
7Networks_RH_DorsAttn_PrCv_1,7networks_rh_dorsattn_prcv,7Networks_RH_DorsAttn_PrCv,dorsal attention,precentral ventral,R
7Networks_RH_DorsAttn_PrCv_2,7networks_rh_dorsattn_prcv,7Networks_RH_DorsAttn_PrCv,dorsal attention,precentral ventral,R
7Networks_RH_SalVentAttn_TempOccPar_1,7networks_rh_salventattn_tempoccpar,7Networks_RH_SalVentAttn_TempOccPar,salience / ventral attention,temporal occipital parietal,R
7Networks_RH_SalVentAttn_TempOccPar_2,7networks_rh_salventattn_tempoccpar,7Networks_RH_SalVentAttn_TempOccPar,salience / ventral attention,temporal occipital parietal,R
7Networks_RH_SalVentAttn_TempOccPar_3,7networks_rh_salventattn_tempoccpar,7Networks_RH_SalVentAttn_TempOccPar,salience / ventral attention,temporal occipital parietal,R
7Networks_RH_SalVentAttn_TempOccPar_4,7networks_rh_salventattn_tempoccpar,7Networks_RH_SalVentAttn_TempOccPar,salience / ventral attention,temporal occipital parietal,R
7Networks_RH_SalVentAttn_TempOccPar_5,7networks_rh_salventattn_tempoccpar,7Networks_RH_SalVentAttn_TempOccPar,salience / ventral attention,temporal occipital parietal,R
7Networks_RH_SalVentAttn_TempOccPar_6,7networks_rh_salventattn_tempoccpar,7Networks_RH_SalVentAttn_TempOccPar,salience / ventral attention,temporal occipital parietal,R
7Networks_RH_SalVentAttn_TempOccPar_7,7networks_rh_salventattn_tempoccpar,7Networks_RH_SalVentAttn_TempOccPar,salience / ventral attention,temporal occipital parietal,R
7Networks_RH_SalVentAttn_TempOccPar_8,7networks_rh_salventattn_tempoccpar,7Networks_RH_SalVentAttn_TempOccPar,salience / ventral attention,temporal occipital parietal,R
7Networks_RH_SalVentAttn_TempOccPar_9,7networks_rh_salventattn_tempoccpar,7Networks_RH_SalVentAttn_TempOccPar,salience / ventral attention,temporal occipital parietal,R
7Networks_RH_SalVentAttn_TempOccPar_10,7networks_rh_salventattn_tempoccpar,7Networks_RH_SalVentAttn_TempOccPar,salience / ventral attention,temporal occipital parietal,R
7Networks_RH_SalVentAttn_TempOccPar_11,7networks_rh_salventattn_tempoccpar,7Networks_RH_SalVentAttn_TempOccPar,salience / ventral attention,temporal occipital parietal,R
7Networks_RH_SalVentAttn_TempOccPar_12,7networks_rh_salventattn_tempoccpar,7Networks_RH_SalVentAttn_TempOccPar,salience / ventral attention,temporal occipital parietal,R
7Networks_RH_SalVentAttn_PrC_1,7networks_rh_salventattn_prc,7Networks_RH_SalVentAttn_PrC,salience / ventral attention,precentral,R
7Networks_RH_SalVentAttn_FrOperIns_1,7networks_rh_salventattn_froperins,7Networks_RH_SalVentAttn_FrOperIns,salience / ventral attention,frontal operculum insula,R
7Networks_RH_SalVentAttn_FrOperIns_2,7networks_rh_salventattn_froperins,7Networks_RH_SalVentAttn_FrOperIns,salience / ventral attention,frontal operculum insula,R
7Networks_RH_SalVentAttn_FrOperIns_3,7networks_rh_salventattn_froperins,7Networks_RH_SalVentAttn_FrOperIns,salience / ventral attention,frontal operculum insula,R
7Networks_RH_SalVentAttn_FrOperIns_4,7networks_rh_salventattn_froperins,7Networks_RH_SalVentAttn_FrOperIns,salience / ventral attention,frontal operculum insula,R
7Networks_RH_SalVentAttn_FrOperIns_5,7networks_rh_salventattn_froperins,7Networks_RH_SalVentAttn_FrOperIns,salience / ventral attention,frontal operculum insula,R
7Networks_RH_SalVentAttn_FrOperIns_6,7networks_rh_salventattn_froperins,7Networks_RH_SalVentAttn_FrOperIns,salience / ventral attention,frontal operculum insula,R
7Networks_RH_SalVentAttn_FrOperIns_7,7networks_rh_salventattn_froperins,7Networks_RH_SalVentAttn_FrOperIns,salience / ventral attention,frontal operculum insula,R
7Networks_RH_SalVentAttn_FrOperIns_8,7networks_rh_salventattn_froperins,7Networks_RH_SalVentAttn_FrOperIns,salience / ventral attention,frontal operculum insula,R
7Networks_RH_SalVentAttn_FrOperIns_9,7networks_rh_salventattn_froperins,7Networks_RH_SalVentAttn_FrOperIns,salience / ventral attention,frontal operculum insula,R
7Networks_RH_SalVentAttn_FrOperIns_10,7networks_rh_salventattn_froperins,7Networks_RH_SalVentAttn_FrOperIns,salience / ventral attention,frontal operculum insula,R
7Networks_RH_SalVentAttn_FrOperIns_11,7networks_rh_salventattn_froperins,7Networks_RH_SalVentAttn_FrOperIns,salience / ventral attention,frontal operculum insula,R
7Networks_RH_SalVentAttn_FrOperIns_12,7networks_rh_salventattn_froperins,7Networks_RH_SalVentAttn_FrOperIns,salience / ventral attention,frontal operculum insula,R
7Networks_RH_SalVentAttn_PFCl_1,7networks_rh_salventattn_pfcl,7Networks_RH_SalVentAttn_PFCl,salience / ventral attention,lateral prefrontal cortex,R
7Networks_RH_SalVentAttn_Med_1,7networks_rh_salventattn_med,7Networks_RH_SalVentAttn_Med,salience / ventral attention,medial,R
7Networks_RH_SalVentAttn_Med_2,7networks_rh_salventattn_med,7Networks_RH_SalVentAttn_Med,salience / ventral attention,medial,R
7Networks_RH_SalVentAttn_Med_3,7networks_rh_salventattn_med,7Networks_RH_SalVentAttn_Med,salience / ventral attention,medial,R
7Networks_RH_SalVentAttn_Med_4,7networks_rh_salventattn_med,7Networks_RH_SalVentAttn_Med,salience / ventral attention,medial,R
7Networks_RH_SalVentAttn_Med_5,7networks_rh_salventattn_med,7Networks_RH_SalVentAttn_Med,salience / ventral attention,medial,R
7Networks_RH_SalVentAttn_Med_6,7networks_rh_salventattn_med,7Networks_RH_SalVentAttn_Med,salience / ventral attention,medial,R
7Networks_RH_SalVentAttn_Med_7,7networks_rh_salventattn_med,7Networks_RH_SalVentAttn_Med,salience / ventral attention,medial,R
7Networks_RH_SalVentAttn_Med_8,7networks_rh_salventattn_med,7Networks_RH_SalVentAttn_Med,salience / ventral attention,medial,R
7Networks_RH_SalVentAttn_Med_9,7networks_rh_salventattn_med,7Networks_RH_SalVentAttn_Med,salience / ventral attention,medial,R
7Networks_RH_SalVentAttn_Med_10,7networks_rh_salventattn_med,7Networks_RH_SalVentAttn_Med,salience / ventral attention,medial,R
7Networks_RH_SalVentAttn_Med_11,7networks_rh_salventattn_med,7Networks_RH_SalVentAttn_Med,salience / ventral attention,medial,R
7Networks_RH_SalVentAttn_Med_12,7networks_rh_salventattn_med,7Networks_RH_SalVentAttn_Med,salience / ventral attention,medial,R
7Networks_RH_SalVentAttn_Med_13,7networks_rh_salventattn_med,7Networks_RH_SalVentAttn_Med,salience / ventral attention,medial,R
7Networks_RH_Limbic_OFC_1,7networks_rh_limbic_ofc,7Networks_RH_Limbic_OFC,limbic,orbital frontal cortex,R
7Networks_RH_Limbic_OFC_2,7networks_rh_limbic_ofc,7Networks_RH_Limbic_OFC,limbic,orbital frontal cortex,R
7Networks_RH_Limbic_OFC_3,7networks_rh_limbic_ofc,7Networks_RH_Limbic_OFC,limbic,orbital frontal cortex,R
7Networks_RH_Limbic_OFC_4,7networks_rh_limbic_ofc,7Networks_RH_Limbic_OFC,limbic,orbital frontal cortex,R
7Networks_RH_Limbic_OFC_5,7networks_rh_limbic_ofc,7Networks_RH_Limbic_OFC,limbic,orbital frontal cortex,R
7Networks_RH_Limbic_OFC_6,7networks_rh_limbic_ofc,7Networks_RH_Limbic_OFC,limbic,orbital frontal cortex,R
7Networks_RH_Limbic_OFC_7,7networks_rh_limbic_ofc,7Networks_RH_Limbic_OFC,limbic,orbital frontal cortex,R
7Networks_RH_Limbic_OFC_8,7networks_rh_limbic_ofc,7Networks_RH_Limbic_OFC,limbic,orbital frontal cortex,R
7Networks_RH_Limbic_OFC_9,7networks_rh_limbic_ofc,7Networks_RH_Limbic_OFC,limbic,orbital frontal cortex,R
7Networks_RH_Limbic_TempPole_1,7networks_rh_limbic_temppole,7Networks_RH_Limbic_TempPole,limbic,temporal pole,R
7Networks_RH_Limbic_TempPole_2,7networks_rh_limbic_temppole,7Networks_RH_Limbic_TempPole,limbic,temporal pole,R
7Networks_RH_Limbic_TempPole_3,7networks_rh_limbic_temppole,7Networks_RH_Limbic_TempPole,limbic,temporal pole,R
7Networks_RH_Limbic_TempPole_4,7networks_rh_limbic_temppole,7Networks_RH_Limbic_TempPole,limbic,temporal pole,R
7Networks_RH_Limbic_TempPole_5,7networks_rh_limbic_temppole,7Networks_RH_Limbic_TempPole,limbic,temporal pole,R
7Networks_RH_Limbic_TempPole_6,7networks_rh_limbic_temppole,7Networks_RH_Limbic_TempPole,limbic,temporal pole,R
7Networks_RH_Limbic_TempPole_7,7networks_rh_limbic_temppole,7Networks_RH_Limbic_TempPole,limbic,temporal pole,R
7Networks_RH_Limbic_TempPole_8,7networks_rh_limbic_temppole,7Networks_RH_Limbic_TempPole,limbic,temporal pole,R
7Networks_RH_Limbic_TempPole_9,7networks_rh_limbic_temppole,7Networks_RH_Limbic_TempPole,limbic,temporal pole,R
7Networks_RH_Limbic_TempPole_10,7networks_rh_limbic_temppole,7Networks_RH_Limbic_TempPole,limbic,temporal pole,R
7Networks_RH_Limbic_TempPole_11,7networks_rh_limbic_temppole,7Networks_RH_Limbic_TempPole,limbic,temporal pole,R
7Networks_RH_Cont_Par_1,7networks_rh_cont_par,7Networks_RH_Cont_Par,control,parietal,R
7Networks_RH_Cont_Par_2,7networks_rh_cont_par,7Networks_RH_Cont_Par,control,parietal,R
7Networks_RH_Cont_Par_3,7networks_rh_cont_par,7Networks_RH_Cont_Par,control,parietal,R
7Networks_RH_Cont_Par_4,7networks_rh_cont_par,7Networks_RH_Cont_Par,control,parietal,R
7Networks_RH_Cont_Par_5,7networks_rh_cont_par,7Networks_RH_Cont_Par,control,parietal,R
7Networks_RH_Cont_Par_6,7networks_rh_cont_par,7Networks_RH_Cont_Par,control,parietal,R
7Networks_RH_Cont_Par_7,7networks_rh_cont_par,7Networks_RH_Cont_Par,control,parietal,R
7Networks_RH_Cont_Par_8,7networks_rh_cont_par,7Networks_RH_Cont_Par,control,parietal,R
7Networks_RH_Cont_Par_9,7networks_rh_cont_par,7Networks_RH_Cont_Par,control,parietal,R
7Networks_RH_Cont_Temp_1,7networks_rh_cont_temp,7Networks_RH_Cont_Temp,control,temporal,R
7Networks_RH_Cont_Temp_2,7networks_rh_cont_temp,7Networks_RH_Cont_Temp,control,temporal,R
7Networks_RH_Cont_PFCv_1,7networks_rh_cont_pfcv,7Networks_RH_Cont_PFCv,control,ventral prefrontal cortex,R
7Networks_RH_Cont_PFCl_1,7networks_rh_cont_pfcl,7Networks_RH_Cont_PFCl,control,lateral prefrontal cortex,R
7Networks_RH_Cont_PFCl_2,7networks_rh_cont_pfcl,7Networks_RH_Cont_PFCl,control,lateral prefrontal cortex,R
7Networks_RH_Cont_PFCl_3,7networks_rh_cont_pfcl,7Networks_RH_Cont_PFCl,control,lateral prefrontal cortex,R
7Networks_RH_Cont_PFCl_4,7networks_rh_cont_pfcl,7Networks_RH_Cont_PFCl,control,lateral prefrontal cortex,R
7Networks_RH_Cont_PFCl_5,7networks_rh_cont_pfcl,7Networks_RH_Cont_PFCl,control,lateral prefrontal cortex,R
7Networks_RH_Cont_PFCl_6,7networks_rh_cont_pfcl,7Networks_RH_Cont_PFCl,control,lateral prefrontal cortex,R
7Networks_RH_Cont_PFCl_7,7networks_rh_cont_pfcl,7Networks_RH_Cont_PFCl,control,lateral prefrontal cortex,R
7Networks_RH_Cont_PFCl_8,7networks_rh_cont_pfcl,7Networks_RH_Cont_PFCl,control,lateral prefrontal cortex,R
7Networks_RH_Cont_PFCl_9,7networks_rh_cont_pfcl,7Networks_RH_Cont_PFCl,control,lateral prefrontal cortex,R
7Networks_RH_Cont_PFCl_10,7networks_rh_cont_pfcl,7Networks_RH_Cont_PFCl,control,lateral prefrontal cortex,R
7Networks_RH_Cont_PFCl_11,7networks_rh_cont_pfcl,7Networks_RH_Cont_PFCl,control,lateral prefrontal cortex,R
7Networks_RH_Cont_PFCl_12,7networks_rh_cont_pfcl,7Networks_RH_Cont_PFCl,control,lateral prefrontal cortex,R
7Networks_RH_Cont_PFCl_13,7networks_rh_cont_pfcl,7Networks_RH_Cont_PFCl,control,lateral prefrontal cortex,R
7Networks_RH_Cont_PFCl_14,7networks_rh_cont_pfcl,7Networks_RH_Cont_PFCl,control,lateral prefrontal cortex,R
7Networks_RH_Cont_PFCl_15,7networks_rh_cont_pfcl,7Networks_RH_Cont_PFCl,control,lateral prefrontal cortex,R
7Networks_RH_Cont_PFCl_16,7networks_rh_cont_pfcl,7Networks_RH_Cont_PFCl,control,lateral prefrontal cortex,R
7Networks_RH_Cont_PFCl_17,7networks_rh_cont_pfcl,7Networks_RH_Cont_PFCl,control,lateral prefrontal cortex,R
7Networks_RH_Cont_PFCl_18,7networks_rh_cont_pfcl,7Networks_RH_Cont_PFCl,control,lateral prefrontal cortex,R
7Networks_RH_Cont_PFCl_19,7networks_rh_cont_pfcl,7Networks_RH_Cont_PFCl,control,lateral prefrontal cortex,R
7Networks_RH_Cont_PFCl_20,7networks_rh_cont_pfcl,7Networks_RH_Cont_PFCl,control,lateral prefrontal cortex,R
7Networks_RH_Cont_PFCl_21,7networks_rh_cont_pfcl,7Networks_RH_Cont_PFCl,control,lateral prefrontal cortex,R
7Networks_RH_Cont_PFCl_22,7networks_rh_cont_pfcl,7Networks_RH_Cont_PFCl,control,lateral prefrontal cortex,R
7Networks_RH_Cont_PFCl_23,7networks_rh_cont_pfcl,7Networks_RH_Cont_PFCl,control,lateral prefrontal cortex,R
7Networks_RH_Cont_PFCl_24,7networks_rh_cont_pfcl,7Networks_RH_Cont_PFCl,control,lateral prefrontal cortex,R
7Networks_RH_Cont_PFCl_25,7networks_rh_cont_pfcl,7Networks_RH_Cont_PFCl,control,lateral prefrontal cortex,R
7Networks_RH_Cont_pCun_1,7networks_rh_cont_pcun,7Networks_RH_Cont_pCun,control,precuneus,R
7Networks_RH_Cont_pCun_2,7networks_rh_cont_pcun,7Networks_RH_Cont_pCun,control,precuneus,R
7Networks_RH_Cont_Cing_1,7networks_rh_cont_cing,7Networks_RH_Cont_Cing,control,cingulate,R
7Networks_RH_Cont_Cing_2,7networks_rh_cont_cing,7Networks_RH_Cont_Cing,control,cingulate,R
7Networks_RH_Cont_Cing_3,7networks_rh_cont_cing,7Networks_RH_Cont_Cing,control,cingulate,R
7Networks_RH_Cont_Cing_4,7networks_rh_cont_cing,7Networks_RH_Cont_Cing,control,cingulate,R
7Networks_RH_Cont_PFCmp_1,7networks_rh_cont_pfcmp,7Networks_RH_Cont_PFCmp,control,medial posterior prefrontal cortex,R
7Networks_RH_Cont_PFCmp_2,7networks_rh_cont_pfcmp,7Networks_RH_Cont_PFCmp,control,medial posterior prefrontal cortex,R
7Networks_RH_Cont_PFCmp_3,7networks_rh_cont_pfcmp,7Networks_RH_Cont_PFCmp,control,medial posterior prefrontal cortex,R
7Networks_RH_Default_Par_1,7networks_rh_default_par,7Networks_RH_Default_Par,default,parietal,R
7Networks_RH_Default_Par_2,7networks_rh_default_par,7Networks_RH_Default_Par,default,parietal,R
7Networks_RH_Default_Par_3,7networks_rh_default_par,7Networks_RH_Default_Par,default,parietal,R
7Networks_RH_Default_Par_4,7networks_rh_default_par,7Networks_RH_Default_Par,default,parietal,R
7Networks_RH_Default_Par_5,7networks_rh_default_par,7Networks_RH_Default_Par,default,parietal,R
7Networks_RH_Default_Par_6,7networks_rh_default_par,7Networks_RH_Default_Par,default,parietal,R
7Networks_RH_Default_Par_7,7networks_rh_default_par,7Networks_RH_Default_Par,default,parietal,R
7Networks_RH_Default_Par_8,7networks_rh_default_par,7Networks_RH_Default_Par,default,parietal,R
7Networks_RH_Default_Temp_1,7networks_rh_default_temp,7Networks_RH_Default_Temp,default,temporal,R
7Networks_RH_Default_Temp_2,7networks_rh_default_temp,7Networks_RH_Default_Temp,default,temporal,R
7Networks_RH_Default_Temp_3,7networks_rh_default_temp,7Networks_RH_Default_Temp,default,temporal,R
7Networks_RH_Default_Temp_4,7networks_rh_default_temp,7Networks_RH_Default_Temp,default,temporal,R
7Networks_RH_Default_Temp_5,7networks_rh_default_temp,7Networks_RH_Default_Temp,default,temporal,R
7Networks_RH_Default_Temp_6,7networks_rh_default_temp,7Networks_RH_Default_Temp,default,temporal,R
7Networks_RH_Default_Temp_7,7networks_rh_default_temp,7Networks_RH_Default_Temp,default,temporal,R
7Networks_RH_Default_Temp_8,7networks_rh_default_temp,7Networks_RH_Default_Temp,default,temporal,R
7Networks_RH_Default_Temp_9,7networks_rh_default_temp,7Networks_RH_Default_Temp,default,temporal,R
7Networks_RH_Default_Temp_10,7networks_rh_default_temp,7Networks_RH_Default_Temp,default,temporal,R
7Networks_RH_Default_Temp_11,7networks_rh_default_temp,7Networks_RH_Default_Temp,default,temporal,R
7Networks_RH_Default_PFCv_1,7networks_rh_default_pfcv,7Networks_RH_Default_PFCv,default,ventral prefrontal cortex,R
7Networks_RH_Default_PFCv_2,7networks_rh_default_pfcv,7Networks_RH_Default_PFCv,default,ventral prefrontal cortex,R
7Networks_RH_Default_PFCv_3,7networks_rh_default_pfcv,7Networks_RH_Default_PFCv,default,ventral prefrontal cortex,R
7Networks_RH_Default_PFCv_4,7networks_rh_default_pfcv,7Networks_RH_Default_PFCv,default,ventral prefrontal cortex,R
7Networks_RH_Default_PFCv_5,7networks_rh_default_pfcv,7Networks_RH_Default_PFCv,default,ventral prefrontal cortex,R
7Networks_RH_Default_PFCv_6,7networks_rh_default_pfcv,7Networks_RH_Default_PFCv,default,ventral prefrontal cortex,R
7Networks_RH_Default_PFCdPFCm_1,7networks_rh_default_pfcdpfcm,7Networks_RH_Default_PFCdPFCm,default,dorsal prefrontal cortex medial prefrontal cortex,R
7Networks_RH_Default_PFCdPFCm_2,7networks_rh_default_pfcdpfcm,7Networks_RH_Default_PFCdPFCm,default,dorsal prefrontal cortex medial prefrontal cortex,R
7Networks_RH_Default_PFCdPFCm_3,7networks_rh_default_pfcdpfcm,7Networks_RH_Default_PFCdPFCm,default,dorsal prefrontal cortex medial prefrontal cortex,R
7Networks_RH_Default_PFCdPFCm_4,7networks_rh_default_pfcdpfcm,7Networks_RH_Default_PFCdPFCm,default,dorsal prefrontal cortex medial prefrontal cortex,R
7Networks_RH_Default_PFCdPFCm_5,7networks_rh_default_pfcdpfcm,7Networks_RH_Default_PFCdPFCm,default,dorsal prefrontal cortex medial prefrontal cortex,R
7Networks_RH_Default_PFCdPFCm_6,7networks_rh_default_pfcdpfcm,7Networks_RH_Default_PFCdPFCm,default,dorsal prefrontal cortex medial prefrontal cortex,R
7Networks_RH_Default_PFCdPFCm_7,7networks_rh_default_pfcdpfcm,7Networks_RH_Default_PFCdPFCm,default,dorsal prefrontal cortex medial prefrontal cortex,R
7Networks_RH_Default_PFCdPFCm_8,7networks_rh_default_pfcdpfcm,7Networks_RH_Default_PFCdPFCm,default,dorsal prefrontal cortex medial prefrontal cortex,R
7Networks_RH_Default_PFCdPFCm_9,7networks_rh_default_pfcdpfcm,7Networks_RH_Default_PFCdPFCm,default,dorsal prefrontal cortex medial prefrontal cortex,R
7Networks_RH_Default_PFCdPFCm_10,7networks_rh_default_pfcdpfcm,7Networks_RH_Default_PFCdPFCm,default,dorsal prefrontal cortex medial prefrontal cortex,R
7Networks_RH_Default_PFCdPFCm_11,7networks_rh_default_pfcdpfcm,7Networks_RH_Default_PFCdPFCm,default,dorsal prefrontal cortex medial prefrontal cortex,R
7Networks_RH_Default_PFCdPFCm_12,7networks_rh_default_pfcdpfcm,7Networks_RH_Default_PFCdPFCm,default,dorsal prefrontal cortex medial prefrontal cortex,R
7Networks_RH_Default_PFCdPFCm_13,7networks_rh_default_pfcdpfcm,7Networks_RH_Default_PFCdPFCm,default,dorsal prefrontal cortex medial prefrontal cortex,R
7Networks_RH_Default_PFCdPFCm_14,7networks_rh_default_pfcdpfcm,7Networks_RH_Default_PFCdPFCm,default,dorsal prefrontal cortex medial prefrontal cortex,R
7Networks_RH_Default_PFCdPFCm_15,7networks_rh_default_pfcdpfcm,7Networks_RH_Default_PFCdPFCm,default,dorsal prefrontal cortex medial prefrontal cortex,R
7Networks_RH_Default_PFCdPFCm_16,7networks_rh_default_pfcdpfcm,7Networks_RH_Default_PFCdPFCm,default,dorsal prefrontal cortex medial prefrontal cortex,R
7Networks_RH_Default_PFCdPFCm_17,7networks_rh_default_pfcdpfcm,7Networks_RH_Default_PFCdPFCm,default,dorsal prefrontal cortex medial prefrontal cortex,R
7Networks_RH_Default_PFCdPFCm_18,7networks_rh_default_pfcdpfcm,7Networks_RH_Default_PFCdPFCm,default,dorsal prefrontal cortex medial prefrontal cortex,R
7Networks_RH_Default_PFCdPFCm_19,7networks_rh_default_pfcdpfcm,7Networks_RH_Default_PFCdPFCm,default,dorsal prefrontal cortex medial prefrontal cortex,R
7Networks_RH_Default_pCunPCC_1,7networks_rh_default_pcunpcc,7Networks_RH_Default_pCunPCC,default,precuneus posterior cingulate cortex,R
7Networks_RH_Default_pCunPCC_2,7networks_rh_default_pcunpcc,7Networks_RH_Default_pCunPCC,default,precuneus posterior cingulate cortex,R
7Networks_RH_Default_pCunPCC_3,7networks_rh_default_pcunpcc,7Networks_RH_Default_pCunPCC,default,precuneus posterior cingulate cortex,R
7Networks_RH_Default_pCunPCC_4,7networks_rh_default_pcunpcc,7Networks_RH_Default_pCunPCC,default,precuneus posterior cingulate cortex,R
7Networks_RH_Default_pCunPCC_5,7networks_rh_default_pcunpcc,7Networks_RH_Default_pCunPCC,default,precuneus posterior cingulate cortex,R
7Networks_RH_Default_pCunPCC_6,7networks_rh_default_pcunpcc,7Networks_RH_Default_pCunPCC,default,precuneus posterior cingulate cortex,R
7Networks_RH_Default_pCunPCC_7,7networks_rh_default_pcunpcc,7Networks_RH_Default_pCunPCC,default,precuneus posterior cingulate cortex,R
7Networks_RH_Default_pCunPCC_8,7networks_rh_default_pcunpcc,7Networks_RH_Default_pCunPCC,default,precuneus posterior cingulate cortex,R
7Networks_RH_Default_pCunPCC_9,7networks_rh_default_pcunpcc,7Networks_RH_Default_pCunPCC,default,precuneus posterior cingulate cortex,R
7Networks_RH_Default_pCunPCC_10,7networks_rh_default_pcunpcc,7Networks_RH_Default_pCunPCC,default,precuneus posterior cingulate cortex,R
7Networks_RH_Default_pCunPCC_11,7networks_rh_default_pcunpcc,7Networks_RH_Default_pCunPCC,default,precuneus posterior cingulate cortex,R
7Networks_RH_Default_pCunPCC_12,7networks_rh_default_pcunpcc,7Networks_RH_Default_pCunPCC,default,precuneus posterior cingulate cortex,R
7Networks_RH_Default_pCunPCC_13,7networks_rh_default_pcunpcc,7Networks_RH_Default_pCunPCC,default,precuneus posterior cingulate cortex,R
7Networks_RH_Default_pCunPCC_14,7networks_rh_default_pcunpcc,7Networks_RH_Default_pCunPCC,default,precuneus posterior cingulate cortex,R
