name,base_name,Label Name,network,Full Component Name,hemisphere
17Networks_LH_VisCent_Striate_1,17networks_lh_viscent_striate,17networks_lh_viscent_striate,central visual  ,striate cortex,L
17Networks_LH_VisCent_Striate_2,17networks_lh_viscent_striate,17networks_lh_viscent_striate,central visual  ,striate cortex,L
17Networks_LH_VisCent_Striate_3,17networks_lh_viscent_striate,17networks_lh_viscent_striate,central visual  ,striate cortex,L
17Networks_LH_VisCent_ExStr_1,17networks_lh_viscent_exstr,17networks_lh_viscent_exstr,central visual,extrastriate cortex,L
17Networks_LH_VisCent_ExStr_2,17networks_lh_viscent_exstr,17networks_lh_viscent_exstr,central visual,extrastriate cortex,L
17Networks_LH_VisCent_ExStr_3,17networks_lh_viscent_exstr,17networks_lh_viscent_exstr,central visual,extrastriate cortex,L
17Networks_LH_VisCent_ExStr_4,17networks_lh_viscent_exstr,17networks_lh_viscent_exstr,central visual,extrastriate cortex,L
17Networks_LH_VisCent_ExStr_5,17networks_lh_viscent_exstr,17networks_lh_viscent_exstr,central visual,extrastriate cortex,L
17Networks_LH_VisCent_ExStr_6,17networks_lh_viscent_exstr,17networks_lh_viscent_exstr,central visual,extrastriate cortex,L
17Networks_LH_VisCent_ExStr_7,17networks_lh_viscent_exstr,17networks_lh_viscent_exstr,central visual,extrastriate cortex,L
17Networks_LH_VisCent_ExStr_8,17networks_lh_viscent_exstr,17networks_lh_viscent_exstr,central visual,extrastriate cortex,L
17Networks_LH_VisCent_ExStr_9,17networks_lh_viscent_exstr,17networks_lh_viscent_exstr,central visual,extrastriate cortex,L
17Networks_LH_VisCent_ExStr_10,17networks_lh_viscent_exstr,17networks_lh_viscent_exstr,central visual,extrastriate cortex,L
17Networks_LH_VisCent_ExStr_11,17networks_lh_viscent_exstr,17networks_lh_viscent_exstr,central visual,extrastriate cortex,L
17Networks_LH_VisCent_ExStr_12,17networks_lh_viscent_exstr,17networks_lh_viscent_exstr,central visual,extrastriate cortex,L
17Networks_LH_VisCent_ExStr_13,17networks_lh_viscent_exstr,17networks_lh_viscent_exstr,central visual,extrastriate cortex,L
17Networks_LH_VisCent_ExStr_14,17networks_lh_viscent_exstr,17networks_lh_viscent_exstr,central visual,extrastriate cortex,L
17Networks_LH_VisCent_ExStr_15,17networks_lh_viscent_exstr,17networks_lh_viscent_exstr,central visual,extrastriate cortex,L
17Networks_LH_VisCent_ExStr_16,17networks_lh_viscent_exstr,17networks_lh_viscent_exstr,central visual,extrastriate cortex,L
17Networks_LH_VisCent_ExStr_17,17networks_lh_viscent_exstr,17networks_lh_viscent_exstr,central visual,extrastriate cortex,L
17Networks_LH_VisPeri_StriCal_1,17networks_lh_visperi_strical,17networks_lh_visperi_strical,peripheral visual ,striate calcarine,L
17Networks_LH_VisPeri_StriCal_2,17networks_lh_visperi_strical,17networks_lh_visperi_strical,peripheral visual ,striate calcarine,L
17Networks_LH_VisPeri_StriCal_3,17networks_lh_visperi_strical,17networks_lh_visperi_strical,peripheral visual ,striate calcarine,L
17Networks_LH_VisPeri_StriCal_4,17networks_lh_visperi_strical,17networks_lh_visperi_strical,peripheral visual ,striate calcarine,L
17Networks_LH_VisPeri_StriCal_5,17networks_lh_visperi_strical,17networks_lh_visperi_strical,peripheral visual ,striate calcarine,L
17Networks_LH_VisPeri_ExStrInf_1,17networks_lh_visperi_exstrinf,17networks_lh_visperi_exstrinf,peripheral visual,extra-striate inferior,L
17Networks_LH_VisPeri_ExStrInf_2,17networks_lh_visperi_exstrinf,17networks_lh_visperi_exstrinf,peripheral visual,extra-striate inferior,L
17Networks_LH_VisPeri_ExStrInf_3,17networks_lh_visperi_exstrinf,17networks_lh_visperi_exstrinf,peripheral visual,extra-striate inferior,L
17Networks_LH_VisPeri_ExStrInf_4,17networks_lh_visperi_exstrinf,17networks_lh_visperi_exstrinf,peripheral visual,extra-striate inferior,L
17Networks_LH_VisPeri_ExStrInf_5,17networks_lh_visperi_exstrinf,17networks_lh_visperi_exstrinf,peripheral visual,extra-striate inferior,L
17Networks_LH_VisPeri_ExStrSup_1,17networks_lh_visperi_exstrsup,17networks_lh_visperi_exstrsup,peripheral visual,extra-striate superior,L
17Networks_LH_VisPeri_ExStrSup_2,17networks_lh_visperi_exstrsup,17networks_lh_visperi_exstrsup,peripheral visual,extra-striate superior,L
17Networks_LH_VisPeri_ExStrSup_3,17networks_lh_visperi_exstrsup,17networks_lh_visperi_exstrsup,peripheral visual,extra-striate superior,L
17Networks_LH_VisPeri_ExStrSup_4,17networks_lh_visperi_exstrsup,17networks_lh_visperi_exstrsup,peripheral visual,extra-striate superior,L
17Networks_LH_VisPeri_ExStrSup_5,17networks_lh_visperi_exstrsup,17networks_lh_visperi_exstrsup,peripheral visual,extra-striate superior,L
17Networks_LH_VisPeri_ExStrSup_6,17networks_lh_visperi_exstrsup,17networks_lh_visperi_exstrsup,peripheral visual,extra-striate superior,L
17Networks_LH_VisPeri_ExStrSup_7,17networks_lh_visperi_exstrsup,17networks_lh_visperi_exstrsup,peripheral visual,extra-striate superior,L
17Networks_LH_SomMotA_1,17networks_lh_sommota,17networks_lh_sommota,somatomotor A,somatomotor A,L
17Networks_LH_SomMotA_2,17networks_lh_sommota,17networks_lh_sommota,somatomotor A,somatomotor A,L
17Networks_LH_SomMotA_3,17networks_lh_sommota,17networks_lh_sommota,somatomotor A,somatomotor A,L
17Networks_LH_SomMotA_4,17networks_lh_sommota,17networks_lh_sommota,somatomotor A,somatomotor A,L
17Networks_LH_SomMotA_5,17networks_lh_sommota,17networks_lh_sommota,somatomotor A,somatomotor A,L
17Networks_LH_SomMotA_6,17networks_lh_sommota,17networks_lh_sommota,somatomotor A,somatomotor A,L
17Networks_LH_SomMotA_7,17networks_lh_sommota,17networks_lh_sommota,somatomotor A,somatomotor A,L
17Networks_LH_SomMotA_8,17networks_lh_sommota,17networks_lh_sommota,somatomotor A,somatomotor A,L
17Networks_LH_SomMotA_9,17networks_lh_sommota,17networks_lh_sommota,somatomotor A,somatomotor A,L
17Networks_LH_SomMotA_10,17networks_lh_sommota,17networks_lh_sommota,somatomotor A,somatomotor A,L
17Networks_LH_SomMotA_11,17networks_lh_sommota,17networks_lh_sommota,somatomotor A,somatomotor A,L
17Networks_LH_SomMotA_12,17networks_lh_sommota,17networks_lh_sommota,somatomotor A,somatomotor A,L
17Networks_LH_SomMotA_13,17networks_lh_sommota,17networks_lh_sommota,somatomotor A,somatomotor A,L
17Networks_LH_SomMotA_14,17networks_lh_sommota,17networks_lh_sommota,somatomotor A,somatomotor A,L
17Networks_LH_SomMotA_15,17networks_lh_sommota,17networks_lh_sommota,somatomotor A,somatomotor A,L
17Networks_LH_SomMotA_16,17networks_lh_sommota,17networks_lh_sommota,somatomotor A,somatomotor A,L
17Networks_LH_SomMotA_17,17networks_lh_sommota,17networks_lh_sommota,somatomotor A,somatomotor A,L
17Networks_LH_SomMotA_18,17networks_lh_sommota,17networks_lh_sommota,somatomotor A,somatomotor A,L
17Networks_LH_SomMotA_19,17networks_lh_sommota,17networks_lh_sommota,somatomotor A,somatomotor A,L
17Networks_LH_SomMotA_20,17networks_lh_sommota,17networks_lh_sommota,somatomotor A,somatomotor A,L
17Networks_LH_SomMotA_21,17networks_lh_sommota,17networks_lh_sommota,somatomotor A,somatomotor A,L
17Networks_LH_SomMotA_22,17networks_lh_sommota,17networks_lh_sommota,somatomotor A,somatomotor A,L
17Networks_LH_SomMotA_23,17networks_lh_sommota,17networks_lh_sommota,somatomotor A,somatomotor A,L
17Networks_LH_SomMotA_24,17networks_lh_sommota,17networks_lh_sommota,somatomotor A,somatomotor A,L
17Networks_LH_SomMotA_25,17networks_lh_sommota,17networks_lh_sommota,somatomotor A,somatomotor A,L
17Networks_LH_SomMotA_26,17networks_lh_sommota,17networks_lh_sommota,somatomotor A,somatomotor A,L
17Networks_LH_SomMotA_27,17networks_lh_sommota,17networks_lh_sommota,somatomotor A,somatomotor A,L
17Networks_LH_SomMotA_28,17networks_lh_sommota,17networks_lh_sommota,somatomotor A,somatomotor A,L
17Networks_LH_SomMotA_29,17networks_lh_sommota,17networks_lh_sommota,somatomotor A,somatomotor A,L
17Networks_LH_SomMotB_Cent_1,17networks_lh_sommotb_cent,17networks_lh_sommotb_cent,somatomotor B,central ,L
17Networks_LH_SomMotB_Cent_2,17networks_lh_sommotb_cent,17networks_lh_sommotb_cent,somatomotor B,central ,L
17Networks_LH_SomMotB_Cent_3,17networks_lh_sommotb_cent,17networks_lh_sommotb_cent,somatomotor B,central ,L
17Networks_LH_SomMotB_Cent_4,17networks_lh_sommotb_cent,17networks_lh_sommotb_cent,somatomotor B,central ,L
17Networks_LH_SomMotB_Cent_5,17networks_lh_sommotb_cent,17networks_lh_sommotb_cent,somatomotor B,central ,L
17Networks_LH_SomMotB_Cent_6,17networks_lh_sommotb_cent,17networks_lh_sommotb_cent,somatomotor B,central ,L
17Networks_LH_SomMotB_Cent_7,17networks_lh_sommotb_cent,17networks_lh_sommotb_cent,somatomotor B,central ,L
17Networks_LH_SomMotB_Cent_8,17networks_lh_sommotb_cent,17networks_lh_sommotb_cent,somatomotor B,central ,L
17Networks_LH_SomMotB_S2_1,17networks_lh_sommotb_s2,17networks_lh_sommotb_s2,somatomotor B,S2,L
17Networks_LH_SomMotB_S2_2,17networks_lh_sommotb_s2,17networks_lh_sommotb_s2,somatomotor B,S2,L
17Networks_LH_SomMotB_S2_3,17networks_lh_sommotb_s2,17networks_lh_sommotb_s2,somatomotor B,S2,L
17Networks_LH_SomMotB_S2_4,17networks_lh_sommotb_s2,17networks_lh_sommotb_s2,somatomotor B,S2,L
17Networks_LH_SomMotB_S2_5,17networks_lh_sommotb_s2,17networks_lh_sommotb_s2,somatomotor B,S2,L
17Networks_LH_SomMotB_S2_6,17networks_lh_sommotb_s2,17networks_lh_sommotb_s2,somatomotor B,S2,L
17Networks_LH_SomMotB_S2_7,17networks_lh_sommotb_s2,17networks_lh_sommotb_s2,somatomotor B,S2,L
17Networks_LH_SomMotB_S2_8,17networks_lh_sommotb_s2,17networks_lh_sommotb_s2,somatomotor B,S2,L
17Networks_LH_SomMotB_Ins_1,17networks_lh_sommotb_ins,17networks_lh_sommotb_ins,somatomotor B,insula,L
17Networks_LH_SomMotB_Aud_1,17networks_lh_sommotb_aud,17networks_lh_sommotb_aud,somatomotor B,auditory,L
17Networks_LH_SomMotB_Aud_2,17networks_lh_sommotb_aud,17networks_lh_sommotb_aud,somatomotor B,auditory,L
17Networks_LH_SomMotB_Aud_3,17networks_lh_sommotb_aud,17networks_lh_sommotb_aud,somatomotor B,auditory,L
17Networks_LH_SomMotB_Aud_4,17networks_lh_sommotb_aud,17networks_lh_sommotb_aud,somatomotor B,auditory,L
17Networks_LH_SomMotB_Aud_5,17networks_lh_sommotb_aud,17networks_lh_sommotb_aud,somatomotor B,auditory,L
17Networks_LH_SomMotB_Aud_6,17networks_lh_sommotb_aud,17networks_lh_sommotb_aud,somatomotor B,auditory,L
17Networks_LH_SomMotB_Aud_7,17networks_lh_sommotb_aud,17networks_lh_sommotb_aud,somatomotor B,auditory,L
17Networks_LH_DorsAttnA_TempOcc_1,17networks_lh_dorsattna_tempocc,17networks_lh_dorsattna_tempocc,dorsal attention A,temporal occipital,L
17Networks_LH_DorsAttnA_TempOcc_2,17networks_lh_dorsattna_tempocc,17networks_lh_dorsattna_tempocc,dorsal attention A,temporal occipital,L
17Networks_LH_DorsAttnA_TempOcc_3,17networks_lh_dorsattna_tempocc,17networks_lh_dorsattna_tempocc,dorsal attention A,temporal occipital,L
17Networks_LH_DorsAttnA_TempOcc_4,17networks_lh_dorsattna_tempocc,17networks_lh_dorsattna_tempocc,dorsal attention A,temporal occipital,L
17Networks_LH_DorsAttnA_TempOcc_5,17networks_lh_dorsattna_tempocc,17networks_lh_dorsattna_tempocc,dorsal attention A,temporal occipital,L
17Networks_LH_DorsAttnA_TempOcc_6,17networks_lh_dorsattna_tempocc,17networks_lh_dorsattna_tempocc,dorsal attention A,temporal occipital,L
17Networks_LH_DorsAttnA_ParOcc_1,17networks_lh_dorsattna_parocc,17networks_lh_dorsattna_parocc,dorsal attention A,parietal occipital,L
17Networks_LH_DorsAttnA_ParOcc_2,17networks_lh_dorsattna_parocc,17networks_lh_dorsattna_parocc,dorsal attention A,parietal occipital,L
17Networks_LH_DorsAttnA_ParOcc_3,17networks_lh_dorsattna_parocc,17networks_lh_dorsattna_parocc,dorsal attention A,parietal occipital,L
17Networks_LH_DorsAttnA_ParOcc_4,17networks_lh_dorsattna_parocc,17networks_lh_dorsattna_parocc,dorsal attention A,parietal occipital,L
17Networks_LH_DorsAttnA_SPL_1,17networks_lh_dorsattna_spl,17networks_lh_dorsattna_spl,dorsal attention A,superior parietal lobule,L
17Networks_LH_DorsAttnA_SPL_2,17networks_lh_dorsattna_spl,17networks_lh_dorsattna_spl,dorsal attention A,superior parietal lobule,L
17Networks_LH_DorsAttnA_SPL_3,17networks_lh_dorsattna_spl,17networks_lh_dorsattna_spl,dorsal attention A,superior parietal lobule,L
17Networks_LH_DorsAttnA_SPL_4,17networks_lh_dorsattna_spl,17networks_lh_dorsattna_spl,dorsal attention A,superior parietal lobule,L
17Networks_LH_DorsAttnA_SPL_5,17networks_lh_dorsattna_spl,17networks_lh_dorsattna_spl,dorsal attention A,superior parietal lobule,L
17Networks_LH_DorsAttnA_SPL_6,17networks_lh_dorsattna_spl,17networks_lh_dorsattna_spl,dorsal attention A,superior parietal lobule,L
17Networks_LH_DorsAttnA_SPL_7,17networks_lh_dorsattna_spl,17networks_lh_dorsattna_spl,dorsal attention A,superior parietal lobule,L
17Networks_LH_DorsAttnA_SPL_8,17networks_lh_dorsattna_spl,17networks_lh_dorsattna_spl,dorsal attention A,superior parietal lobule,L
17Networks_LH_DorsAttnA_SPL_9,17networks_lh_dorsattna_spl,17networks_lh_dorsattna_spl,dorsal attention A,superior parietal lobule,L
17Networks_LH_DorsAttnA_SPL_10,17networks_lh_dorsattna_spl,17networks_lh_dorsattna_spl,dorsal attention A,superior parietal lobule,L
17Networks_LH_DorsAttnA_SPL_11,17networks_lh_dorsattna_spl,17networks_lh_dorsattna_spl,dorsal attention A,superior parietal lobule,L
17Networks_LH_DorsAttnB_PostC_1,17networks_lh_dorsattnb_postc,17networks_lh_dorsattnb_postc,dorsal attention B,post central,L
17Networks_LH_DorsAttnB_PostC_2,17networks_lh_dorsattnb_postc,17networks_lh_dorsattnb_postc,dorsal attention B,post central,L
17Networks_LH_DorsAttnB_PostC_3,17networks_lh_dorsattnb_postc,17networks_lh_dorsattnb_postc,dorsal attention B,post central,L
17Networks_LH_DorsAttnB_PostC_4,17networks_lh_dorsattnb_postc,17networks_lh_dorsattnb_postc,dorsal attention B,post central,L
17Networks_LH_DorsAttnB_PostC_5,17networks_lh_dorsattnb_postc,17networks_lh_dorsattnb_postc,dorsal attention B,post central,L
17Networks_LH_DorsAttnB_PostC_6,17networks_lh_dorsattnb_postc,17networks_lh_dorsattnb_postc,dorsal attention B,post central,L
17Networks_LH_DorsAttnB_PostC_7,17networks_lh_dorsattnb_postc,17networks_lh_dorsattnb_postc,dorsal attention B,post central,L
17Networks_LH_DorsAttnB_PostC_8,17networks_lh_dorsattnb_postc,17networks_lh_dorsattnb_postc,dorsal attention B,post central,L
17Networks_LH_DorsAttnB_PostC_9,17networks_lh_dorsattnb_postc,17networks_lh_dorsattnb_postc,dorsal attention B,post central,L
17Networks_LH_DorsAttnB_PostC_10,17networks_lh_dorsattnb_postc,17networks_lh_dorsattnb_postc,dorsal attention B,post central,L
17Networks_LH_DorsAttnB_FEF_1,17networks_lh_dorsattnb_fef,17networks_lh_dorsattnb_fef,dorsal attention B,frontal eye fields,L
17Networks_LH_DorsAttnB_FEF_2,17networks_lh_dorsattnb_fef,17networks_lh_dorsattnb_fef,dorsal attention B,frontal eye fields,L
17Networks_LH_DorsAttnB_FEF_3,17networks_lh_dorsattnb_fef,17networks_lh_dorsattnb_fef,dorsal attention B,frontal eye fields,L
17Networks_LH_DorsAttnB_FEF_4,17networks_lh_dorsattnb_fef,17networks_lh_dorsattnb_fef,dorsal attention B,frontal eye fields,L
17Networks_LH_DorsAttnB_PrCv_1,17networks_lh_dorsattnb_prcv,17networks_lh_dorsattnb_prcv,dorsal attention B,precentral ventral,L
17Networks_LH_SalVentAttnA_ParOper_1,17networks_lh_salventattna_paroper,17networks_lh_salventattna_paroper,salience / ventral attention A,parietal operculum,L
17Networks_LH_SalVentAttnA_ParOper_2,17networks_lh_salventattna_paroper,17networks_lh_salventattna_paroper,salience / ventral attention A,parietal operculum,L
17Networks_LH_SalVentAttnA_ParOper_3,17networks_lh_salventattna_paroper,17networks_lh_salventattna_paroper,salience / ventral attention A,parietal operculum,L
17Networks_LH_SalVentAttnA_ParOper_4,17networks_lh_salventattna_paroper,17networks_lh_salventattna_paroper,salience / ventral attention A,parietal operculum,L
17Networks_LH_SalVentAttnA_ParOper_5,17networks_lh_salventattna_paroper,17networks_lh_salventattna_paroper,salience / ventral attention A,parietal operculum,L
17Networks_LH_SalVentAttnA_FrOper_1,17networks_lh_salventattna_froper,17networks_lh_salventattna_froper,salience / ventral attention A,frontal operculum ,L
17Networks_LH_SalVentAttnA_FrOper_2,17networks_lh_salventattna_froper,17networks_lh_salventattna_froper,salience / ventral attention A,frontal operculum ,L
17Networks_LH_SalVentAttnA_FrOper_3,17networks_lh_salventattna_froper,17networks_lh_salventattna_froper,salience / ventral attention A,frontal operculum ,L
17Networks_LH_SalVentAttnA_FrOper_4,17networks_lh_salventattna_froper,17networks_lh_salventattna_froper,salience / ventral attention A,frontal operculum ,L
17Networks_LH_SalVentAttnA_Ins_1,17networks_lh_salventattna_ins,17networks_lh_salventattna_ins,salience / ventral attention A,insula,L
17Networks_LH_SalVentAttnA_Ins_2,17networks_lh_salventattna_ins,17networks_lh_salventattna_ins,salience / ventral attention A,insula,L
17Networks_LH_SalVentAttnA_Ins_3,17networks_lh_salventattna_ins,17networks_lh_salventattna_ins,salience / ventral attention A,insula,L
17Networks_LH_SalVentAttnA_Ins_4,17networks_lh_salventattna_ins,17networks_lh_salventattna_ins,salience / ventral attention A,insula,L
17Networks_LH_SalVentAttnA_Ins_5,17networks_lh_salventattna_ins,17networks_lh_salventattna_ins,salience / ventral attention A,insula,L
17Networks_LH_SalVentAttnA_Ins_6,17networks_lh_salventattna_ins,17networks_lh_salventattna_ins,salience / ventral attention A,insula,L
17Networks_LH_SalVentAttnA_ParMed_1,17networks_lh_salventattna_parmed,17networks_lh_salventattna_parmed,salience / ventral attention A,parietal medial,L
17Networks_LH_SalVentAttnA_ParMed_2,17networks_lh_salventattna_parmed,17networks_lh_salventattna_parmed,salience / ventral attention A,parietal medial,L
17Networks_LH_SalVentAttnA_ParMed_3,17networks_lh_salventattna_parmed,17networks_lh_salventattna_parmed,salience / ventral attention A,parietal medial,L
17Networks_LH_SalVentAttnA_ParMed_4,17networks_lh_salventattna_parmed,17networks_lh_salventattna_parmed,salience / ventral attention A,parietal medial,L
17Networks_LH_SalVentAttnA_ParMed_5,17networks_lh_salventattna_parmed,17networks_lh_salventattna_parmed,salience / ventral attention A,parietal medial,L
17Networks_LH_SalVentAttnA_ParMed_6,17networks_lh_salventattna_parmed,17networks_lh_salventattna_parmed,salience / ventral attention A,parietal medial,L
17Networks_LH_SalVentAttnA_FrMed_1,17networks_lh_salventattna_frmed,17networks_lh_salventattna_frmed,salience / ventral attention A,frontal medial,L
17Networks_LH_SalVentAttnA_FrMed_2,17networks_lh_salventattna_frmed,17networks_lh_salventattna_frmed,salience / ventral attention A,frontal medial,L
17Networks_LH_SalVentAttnA_FrMed_3,17networks_lh_salventattna_frmed,17networks_lh_salventattna_frmed,salience / ventral attention A,frontal medial,L
17Networks_LH_SalVentAttnA_FrMed_4,17networks_lh_salventattna_frmed,17networks_lh_salventattna_frmed,salience / ventral attention A,frontal medial,L
17Networks_LH_SalVentAttnA_FrMed_5,17networks_lh_salventattna_frmed,17networks_lh_salventattna_frmed,salience / ventral attention A,frontal medial,L
17Networks_LH_SalVentAttnB_PFCd_1,17networks_lh_salventattnb_pfcd,17networks_lh_salventattnb_pfcd,salience / ventral attention B,dorsal prefrontal cortex,L
17Networks_LH_SalVentAttnB_PFCl_1,17networks_lh_salventattnb_pfcl,17networks_lh_salventattnb_pfcl,salience / ventral attention B,lateral prefrontal cortex,L
17Networks_LH_SalVentAttnB_PFCl_2,17networks_lh_salventattnb_pfcl,17networks_lh_salventattnb_pfcl,salience / ventral attention B,lateral prefrontal cortex,L
17Networks_LH_SalVentAttnB_PFCl_3,17networks_lh_salventattnb_pfcl,17networks_lh_salventattnb_pfcl,salience / ventral attention B,lateral prefrontal cortex,L
17Networks_LH_SalVentAttnB_PFCl_4,17networks_lh_salventattnb_pfcl,17networks_lh_salventattnb_pfcl,salience / ventral attention B,lateral prefrontal cortex,L
17Networks_LH_SalVentAttnB_Ins_1,17networks_lh_salventattnb_ins,17networks_lh_salventattnb_ins,salience / ventral attention B,insula,L
17Networks_LH_SalVentAttnB_Ins_2,17networks_lh_salventattnb_ins,17networks_lh_salventattnb_ins,salience / ventral attention B,insula,L
17Networks_LH_SalVentAttnB_Ins_3,17networks_lh_salventattnb_ins,17networks_lh_salventattnb_ins,salience / ventral attention B,insula,L
17Networks_LH_SalVentAttnB_Ins_4,17networks_lh_salventattnb_ins,17networks_lh_salventattnb_ins,salience / ventral attention B,insula,L
17Networks_LH_SalVentAttnB_PFCmp_1,17networks_lh_salventattnb_pfcmp,17networks_lh_salventattnb_pfcmp,salience / ventral attention B, medial posterior prefrontal cortex,L
17Networks_LH_SalVentAttnB_PFCmp_2,17networks_lh_salventattnb_pfcmp,17networks_lh_salventattnb_pfcmp,salience / ventral attention B, medial posterior prefrontal cortex,L
17Networks_LH_SalVentAttnB_PFCmp_3,17networks_lh_salventattnb_pfcmp,17networks_lh_salventattnb_pfcmp,salience / ventral attention B, medial posterior prefrontal cortex,L
17Networks_LH_LimbicB_OFC_1,17networks_lh_limbicb_ofc,17networks_lh_limbicb_ofc,limbic B,orbital frontal cortex,L
17Networks_LH_LimbicB_OFC_2,17networks_lh_limbicb_ofc,17networks_lh_limbicb_ofc,limbic B,orbital frontal cortex,L
17Networks_LH_LimbicB_OFC_3,17networks_lh_limbicb_ofc,17networks_lh_limbicb_ofc,limbic B,orbital frontal cortex,L
17Networks_LH_LimbicB_OFC_4,17networks_lh_limbicb_ofc,17networks_lh_limbicb_ofc,limbic B,orbital frontal cortex,L
17Networks_LH_LimbicB_OFC_5,17networks_lh_limbicb_ofc,17networks_lh_limbicb_ofc,limbic B,orbital frontal cortex,L
17Networks_LH_LimbicB_OFC_6,17networks_lh_limbicb_ofc,17networks_lh_limbicb_ofc,limbic B,orbital frontal cortex,L
17Networks_LH_LimbicB_OFC_7,17networks_lh_limbicb_ofc,17networks_lh_limbicb_ofc,limbic B,orbital frontal cortex,L
17Networks_LH_LimbicB_OFC_8,17networks_lh_limbicb_ofc,17networks_lh_limbicb_ofc,limbic B,orbital frontal cortex,L
17Networks_LH_LimbicB_OFC_9,17networks_lh_limbicb_ofc,17networks_lh_limbicb_ofc,limbic B,orbital frontal cortex,L
17Networks_LH_LimbicB_OFC_10,17networks_lh_limbicb_ofc,17networks_lh_limbicb_ofc,limbic B,orbital frontal cortex,L
17Networks_LH_LimbicA_TempPole_1,17networks_lh_limbica_temppole,17networks_lh_limbica_temppole,limbic A,temporal pole,L
17Networks_LH_LimbicA_TempPole_2,17networks_lh_limbica_temppole,17networks_lh_limbica_temppole,limbic A,temporal pole,L
17Networks_LH_LimbicA_TempPole_3,17networks_lh_limbica_temppole,17networks_lh_limbica_temppole,limbic A,temporal pole,L
17Networks_LH_LimbicA_TempPole_4,17networks_lh_limbica_temppole,17networks_lh_limbica_temppole,limbic A,temporal pole,L
17Networks_LH_LimbicA_TempPole_5,17networks_lh_limbica_temppole,17networks_lh_limbica_temppole,limbic A,temporal pole,L
17Networks_LH_LimbicA_TempPole_6,17networks_lh_limbica_temppole,17networks_lh_limbica_temppole,limbic A,temporal pole,L
17Networks_LH_LimbicA_TempPole_7,17networks_lh_limbica_temppole,17networks_lh_limbica_temppole,limbic A,temporal pole,L
17Networks_LH_LimbicA_TempPole_8,17networks_lh_limbica_temppole,17networks_lh_limbica_temppole,limbic A,temporal pole,L
17Networks_LH_LimbicA_TempPole_9,17networks_lh_limbica_temppole,17networks_lh_limbica_temppole,limbic A,temporal pole,L
17Networks_LH_LimbicA_TempPole_10,17networks_lh_limbica_temppole,17networks_lh_limbica_temppole,limbic A,temporal pole,L
17Networks_LH_LimbicA_TempPole_11,17networks_lh_limbica_temppole,17networks_lh_limbica_temppole,limbic A,temporal pole,L
17Networks_LH_LimbicA_TempPole_12,17networks_lh_limbica_temppole,17networks_lh_limbica_temppole,limbic A,temporal pole,L
17Networks_LH_ContA_Temp_1,17networks_lh_conta_temp,17networks_lh_conta_temp,control A,temporal,L
17Networks_LH_ContA_Temp_2,17networks_lh_conta_temp,17networks_lh_conta_temp,control A,temporal,L
17Networks_LH_ContA_IPS_1,17networks_lh_conta_ips,17networks_lh_conta_ips,control A,intraparietal sulcus,L
17Networks_LH_ContA_IPS_2,17networks_lh_conta_ips,17networks_lh_conta_ips,control A,intraparietal sulcus,L
17Networks_LH_ContA_IPS_3,17networks_lh_conta_ips,17networks_lh_conta_ips,control A,intraparietal sulcus,L
17Networks_LH_ContA_IPS_4,17networks_lh_conta_ips,17networks_lh_conta_ips,control A,intraparietal sulcus,L
17Networks_LH_ContA_IPS_5,17networks_lh_conta_ips,17networks_lh_conta_ips,control A,intraparietal sulcus,L
17Networks_LH_ContA_IPS_6,17networks_lh_conta_ips,17networks_lh_conta_ips,control A,intraparietal sulcus,L
17Networks_LH_ContA_PFCd_1,17networks_lh_conta_pfcd,17networks_lh_conta_pfcd,control A,dorsal prefrontal cortex,L
17Networks_LH_ContA_PFCd_2,17networks_lh_conta_pfcd,17networks_lh_conta_pfcd,control A,dorsal prefrontal cortex,L
17Networks_LH_ContA_PFCl_1,17networks_lh_conta_pfcl,17networks_lh_conta_pfcl,control A,lateral prefrontal cortex,L
17Networks_LH_ContA_PFCl_2,17networks_lh_conta_pfcl,17networks_lh_conta_pfcl,control A,lateral prefrontal cortex,L
17Networks_LH_ContA_PFCl_3,17networks_lh_conta_pfcl,17networks_lh_conta_pfcl,control A,lateral prefrontal cortex,L
17Networks_LH_ContA_PFCl_4,17networks_lh_conta_pfcl,17networks_lh_conta_pfcl,control A,lateral prefrontal cortex,L
17Networks_LH_ContA_PFCl_5,17networks_lh_conta_pfcl,17networks_lh_conta_pfcl,control A,lateral prefrontal cortex,L
17Networks_LH_ContA_PFCl_6,17networks_lh_conta_pfcl,17networks_lh_conta_pfcl,control A,lateral prefrontal cortex,L
17Networks_LH_ContA_PFClv_1,17networks_lh_conta_pfclv,17networks_lh_conta_pfclv,control A,lateral ventral prefrontal cortex,L
17Networks_LH_ContA_PFClv_2,17networks_lh_conta_pfclv,17networks_lh_conta_pfclv,control A,lateral ventral prefrontal cortex,L
17Networks_LH_ContA_Cingm_1,17networks_lh_conta_cingm,17networks_lh_conta_cingm,control A,mid-cingulate,L
17Networks_LH_ContB_Temp_1,17networks_lh_contb_temp,17networks_lh_contb_temp,control B,temporal,L
17Networks_LH_ContB_Temp_2,17networks_lh_contb_temp,17networks_lh_contb_temp,control B,temporal,L
17Networks_LH_ContB_IPL_1,17networks_lh_contb_ipl,17networks_lh_contb_ipl,control B,inferior parietal lobule,L
17Networks_LH_ContB_IPL_2,17networks_lh_contb_ipl,17networks_lh_contb_ipl,control B,inferior parietal lobule,L
17Networks_LH_ContB_IPL_3,17networks_lh_contb_ipl,17networks_lh_contb_ipl,control B,inferior parietal lobule,L
17Networks_LH_ContB_IPL_4,17networks_lh_contb_ipl,17networks_lh_contb_ipl,control B,inferior parietal lobule,L
17Networks_LH_ContB_IPL_5,17networks_lh_contb_ipl,17networks_lh_contb_ipl,control B,inferior parietal lobule,L
17Networks_LH_ContB_PFCd_1,17networks_lh_contb_pfcd,17networks_lh_contb_pfcd,control B ,dorsal prefrontal cortex,L
17Networks_LH_ContB_PFCl_1,17networks_lh_contb_pfcl,17networks_lh_contb_pfcl,control B,lateral prefrontal cortex,L
17Networks_LH_ContB_PFCl_2,17networks_lh_contb_pfcl,17networks_lh_contb_pfcl,control B,lateral prefrontal cortex,L
17Networks_LH_ContB_PFClv_1,17networks_lh_contb_pfclv,17networks_lh_contb_pfclv,control B,lateral ventral prefrontal cortex,L
17Networks_LH_ContB_PFClv_2,17networks_lh_contb_pfclv,17networks_lh_contb_pfclv,control B,lateral ventral prefrontal cortex,L
17Networks_LH_ContB_PFClv_3,17networks_lh_contb_pfclv,17networks_lh_contb_pfclv,control B,lateral ventral prefrontal cortex,L
17Networks_LH_ContB_PFCmp_1,17networks_lh_contb_pfcmp,17networks_lh_contb_pfcmp,control B ,medial posterior prefrontal cortex,L
17Networks_LH_ContC_pCun_1,17networks_lh_contc_pcun,17networks_lh_contc_pcun,control C,precuneus,L
17Networks_LH_ContC_pCun_2,17networks_lh_contc_pcun,17networks_lh_contc_pcun,control C,precuneus,L
17Networks_LH_ContC_pCun_3,17networks_lh_contc_pcun,17networks_lh_contc_pcun,control C,precuneus,L
17Networks_LH_ContC_pCun_4,17networks_lh_contc_pcun,17networks_lh_contc_pcun,control C,precuneus,L
17Networks_LH_ContC_pCun_5,17networks_lh_contc_pcun,17networks_lh_contc_pcun,control C,precuneus,L
17Networks_LH_ContC_pCun_6,17networks_lh_contc_pcun,17networks_lh_contc_pcun,control C,precuneus,L
17Networks_LH_ContC_Cingp_1,17networks_lh_contc_cingp,17networks_lh_contc_cingp,control C,cingulate posterior,L
17Networks_LH_ContC_Cingp_2,17networks_lh_contc_cingp,17networks_lh_contc_cingp,control C,cingulate posterior,L
17Networks_LH_DefaultA_IPL_1,17networks_lh_defaulta_ipl,17networks_lh_defaulta_ipl,default A,inferior parietal lobule,L
17Networks_LH_DefaultA_IPL_2,17networks_lh_defaulta_ipl,17networks_lh_defaulta_ipl,default A,inferior parietal lobule,L
17Networks_LH_DefaultA_IPL_3,17networks_lh_defaulta_ipl,17networks_lh_defaulta_ipl,default A,inferior parietal lobule,L
17Networks_LH_DefaultA_IPL_4,17networks_lh_defaulta_ipl,17networks_lh_defaulta_ipl,default A,inferior parietal lobule,L
17Networks_LH_DefaultA_PFCd_1,17networks_lh_defaulta_pfcd,17networks_lh_defaulta_pfcd,default A,dorsal prefrontal cortex,L
17Networks_LH_DefaultA_PFCd_2,17networks_lh_defaulta_pfcd,17networks_lh_defaulta_pfcd,default A,dorsal prefrontal cortex,L
17Networks_LH_DefaultA_PFCd_3,17networks_lh_defaulta_pfcd,17networks_lh_defaulta_pfcd,default A,dorsal prefrontal cortex,L
17Networks_LH_DefaultA_pCunPCC_1,17networks_lh_defaulta_pcunpcc,17networks_lh_defaulta_pcunpcc,default A,precuneus posterior cingulate cortex,L
17Networks_LH_DefaultA_pCunPCC_2,17networks_lh_defaulta_pcunpcc,17networks_lh_defaulta_pcunpcc,default A,precuneus posterior cingulate cortex,L
17Networks_LH_DefaultA_pCunPCC_3,17networks_lh_defaulta_pcunpcc,17networks_lh_defaulta_pcunpcc,default A,precuneus posterior cingulate cortex,L
17Networks_LH_DefaultA_pCunPCC_4,17networks_lh_defaulta_pcunpcc,17networks_lh_defaulta_pcunpcc,default A,precuneus posterior cingulate cortex,L
17Networks_LH_DefaultA_pCunPCC_5,17networks_lh_defaulta_pcunpcc,17networks_lh_defaulta_pcunpcc,default A,precuneus posterior cingulate cortex,L
17Networks_LH_DefaultA_pCunPCC_6,17networks_lh_defaulta_pcunpcc,17networks_lh_defaulta_pcunpcc,default A,precuneus posterior cingulate cortex,L
17Networks_LH_DefaultA_pCunPCC_7,17networks_lh_defaulta_pcunpcc,17networks_lh_defaulta_pcunpcc,default A,precuneus posterior cingulate cortex,L
17Networks_LH_DefaultA_pCunPCC_8,17networks_lh_defaulta_pcunpcc,17networks_lh_defaulta_pcunpcc,default A,precuneus posterior cingulate cortex,L
17Networks_LH_DefaultA_pCunPCC_9,17networks_lh_defaulta_pcunpcc,17networks_lh_defaulta_pcunpcc,default A,precuneus posterior cingulate cortex,L
17Networks_LH_DefaultA_pCunPCC_10,17networks_lh_defaulta_pcunpcc,17networks_lh_defaulta_pcunpcc,default A,precuneus posterior cingulate cortex,L
17Networks_LH_DefaultA_pCunPCC_11,17networks_lh_defaulta_pcunpcc,17networks_lh_defaulta_pcunpcc,default A,precuneus posterior cingulate cortex,L
17Networks_LH_DefaultA_pCunPCC_12,17networks_lh_defaulta_pcunpcc,17networks_lh_defaulta_pcunpcc,default A,precuneus posterior cingulate cortex,L
17Networks_LH_DefaultA_PFCm_1,17networks_lh_defaulta_pfcm,17networks_lh_defaulta_pfcm,default A,medial prefrontal cortex,L
17Networks_LH_DefaultA_PFCm_2,17networks_lh_defaulta_pfcm,17networks_lh_defaulta_pfcm,default A,medial prefrontal cortex,L
17Networks_LH_DefaultA_PFCm_3,17networks_lh_defaulta_pfcm,17networks_lh_defaulta_pfcm,default A,medial prefrontal cortex,L
17Networks_LH_DefaultA_PFCm_4,17networks_lh_defaulta_pfcm,17networks_lh_defaulta_pfcm,default A,medial prefrontal cortex,L
17Networks_LH_DefaultA_PFCm_5,17networks_lh_defaulta_pfcm,17networks_lh_defaulta_pfcm,default A,medial prefrontal cortex,L
17Networks_LH_DefaultA_PFCm_6,17networks_lh_defaulta_pfcm,17networks_lh_defaulta_pfcm,default A,medial prefrontal cortex,L
17Networks_LH_DefaultA_PFCm_7,17networks_lh_defaulta_pfcm,17networks_lh_defaulta_pfcm,default A,medial prefrontal cortex,L
17Networks_LH_DefaultA_PFCm_8,17networks_lh_defaulta_pfcm,17networks_lh_defaulta_pfcm,default A,medial prefrontal cortex,L
17Networks_LH_DefaultB_Temp_1,17networks_lh_defaultb_temp,17networks_lh_defaultb_temp,default B,temporal,L
17Networks_LH_DefaultB_Temp_2,17networks_lh_defaultb_temp,17networks_lh_defaultb_temp,default B,temporal,L
17Networks_LH_DefaultB_Temp_3,17networks_lh_defaultb_temp,17networks_lh_defaultb_temp,default B,temporal,L
17Networks_LH_DefaultB_Temp_4,17networks_lh_defaultb_temp,17networks_lh_defaultb_temp,default B,temporal,L
17Networks_LH_DefaultB_Temp_5,17networks_lh_defaultb_temp,17networks_lh_defaultb_temp,default B,temporal,L
17Networks_LH_DefaultB_Temp_6,17networks_lh_defaultb_temp,17networks_lh_defaultb_temp,default B,temporal,L
17Networks_LH_DefaultB_Temp_7,17networks_lh_defaultb_temp,17networks_lh_defaultb_temp,default B,temporal,L
17Networks_LH_DefaultB_IPL_1,17networks_lh_defaultb_ipl,17networks_lh_defaultb_ipl,default B,inferior parietal lobule,L
17Networks_LH_DefaultB_IPL_2,17networks_lh_defaultb_ipl,17networks_lh_defaultb_ipl,default B,inferior parietal lobule,L
17Networks_LH_DefaultB_IPL_3,17networks_lh_defaultb_ipl,17networks_lh_defaultb_ipl,default B,inferior parietal lobule,L
17Networks_LH_DefaultB_IPL_4,17networks_lh_defaultb_ipl,17networks_lh_defaultb_ipl,default B,inferior parietal lobule,L
17Networks_LH_DefaultB_PFCd_1,17networks_lh_defaultb_pfcd,17networks_lh_defaultb_pfcd,default B,dorsal prefrontal cortex,L
17Networks_LH_DefaultB_PFCd_2,17networks_lh_defaultb_pfcd,17networks_lh_defaultb_pfcd,default B,dorsal prefrontal cortex,L
17Networks_LH_DefaultB_PFCd_3,17networks_lh_defaultb_pfcd,17networks_lh_defaultb_pfcd,default B,dorsal prefrontal cortex,L
17Networks_LH_DefaultB_PFCd_4,17networks_lh_defaultb_pfcd,17networks_lh_defaultb_pfcd,default B,dorsal prefrontal cortex,L
17Networks_LH_DefaultB_PFCd_5,17networks_lh_defaultb_pfcd,17networks_lh_defaultb_pfcd,default B,dorsal prefrontal cortex,L
17Networks_LH_DefaultB_PFCd_6,17networks_lh_defaultb_pfcd,17networks_lh_defaultb_pfcd,default B,dorsal prefrontal cortex,L
17Networks_LH_DefaultB_PFCd_7,17networks_lh_defaultb_pfcd,17networks_lh_defaultb_pfcd,default B,dorsal prefrontal cortex,L
17Networks_LH_DefaultB_PFCl_1,17networks_lh_defaultb_pfcl,17networks_lh_defaultb_pfcl,default B,lateral prefrontal cortex,L
17Networks_LH_DefaultB_PFCl_2,17networks_lh_defaultb_pfcl,17networks_lh_defaultb_pfcl,default B,lateral prefrontal cortex,L
17Networks_LH_DefaultB_PFCv_1,17networks_lh_defaultb_pfcv,17networks_lh_defaultb_pfcv,default B,ventral prefrontal cortex,L
17Networks_LH_DefaultB_PFCv_2,17networks_lh_defaultb_pfcv,17networks_lh_defaultb_pfcv,default B,ventral prefrontal cortex,L
17Networks_LH_DefaultB_PFCv_3,17networks_lh_defaultb_pfcv,17networks_lh_defaultb_pfcv,default B,ventral prefrontal cortex,L
17Networks_LH_DefaultB_PFCv_4,17networks_lh_defaultb_pfcv,17networks_lh_defaultb_pfcv,default B,ventral prefrontal cortex,L
17Networks_LH_DefaultB_PFCv_5,17networks_lh_defaultb_pfcv,17networks_lh_defaultb_pfcv,default B,ventral prefrontal cortex,L
17Networks_LH_DefaultB_PFCv_6,17networks_lh_defaultb_pfcv,17networks_lh_defaultb_pfcv,default B,ventral prefrontal cortex,L
17Networks_LH_DefaultB_PFCv_7,17networks_lh_defaultb_pfcv,17networks_lh_defaultb_pfcv,default B,ventral prefrontal cortex,L
17Networks_LH_DefaultC_IPL_1,17networks_lh_defaultc_ipl,17networks_lh_defaultc_ipl,default C,inferior parietal lobule,L
17Networks_LH_DefaultC_IPL_2,17networks_lh_defaultc_ipl,17networks_lh_defaultc_ipl,default C,inferior parietal lobule,L
17Networks_LH_DefaultC_Rsp_1,17networks_lh_defaultc_rsp,17networks_lh_defaultc_rsp,default C,retrosplenial ,L
17Networks_LH_DefaultC_Rsp_2,17networks_lh_defaultc_rsp,17networks_lh_defaultc_rsp,default C,retrosplenial ,L
17Networks_LH_DefaultC_Rsp_3,17networks_lh_defaultc_rsp,17networks_lh_defaultc_rsp,default C,retrosplenial ,L
17Networks_LH_DefaultC_Rsp_4,17networks_lh_defaultc_rsp,17networks_lh_defaultc_rsp,default C,retrosplenial ,L
17Networks_LH_DefaultC_PHC_1,17networks_lh_defaultc_phc,17networks_lh_defaultc_phc,default C,parahippocampal cortex,L
17Networks_LH_DefaultC_PHC_2,17networks_lh_defaultc_phc,17networks_lh_defaultc_phc,default C,parahippocampal cortex,L
17Networks_LH_DefaultC_PHC_3,17networks_lh_defaultc_phc,17networks_lh_defaultc_phc,default C,parahippocampal cortex,L
17Networks_LH_DefaultC_PHC_4,17networks_lh_defaultc_phc,17networks_lh_defaultc_phc,default C,parahippocampal cortex,L
17Networks_LH_DefaultC_PHC_5,17networks_lh_defaultc_phc,17networks_lh_defaultc_phc,default C,parahippocampal cortex,L
17Networks_LH_TempPar_1,17networks_lh_temppar,17networks_lh_temppar,temporal parietal,temporal parietal,L
17Networks_LH_TempPar_2,17networks_lh_temppar,17networks_lh_temppar,temporal parietal,temporal parietal,L
17Networks_LH_TempPar_3,17networks_lh_temppar,17networks_lh_temppar,temporal parietal,temporal parietal,L
17Networks_LH_TempPar_4,17networks_lh_temppar,17networks_lh_temppar,temporal parietal,temporal parietal,L
17Networks_LH_TempPar_5,17networks_lh_temppar,17networks_lh_temppar,temporal parietal,temporal parietal,L
17Networks_LH_TempPar_6,17networks_lh_temppar,17networks_lh_temppar,temporal parietal,temporal parietal,L
17Networks_LH_TempPar_7,17networks_lh_temppar,17networks_lh_temppar,temporal parietal,temporal parietal,L
17Networks_LH_TempPar_8,17networks_lh_temppar,17networks_lh_temppar,temporal parietal,temporal parietal,L
17Networks_RH_VisCent_Striate_1,17networks_rh_viscent_striate,17networks_rh_viscent_striate,central visual,striate cortex,R
17Networks_RH_VisCent_Striate_2,17networks_rh_viscent_striate,17networks_rh_viscent_striate,central visual,striate cortex,R
17Networks_RH_VisCent_Striate_3,17networks_rh_viscent_striate,17networks_rh_viscent_striate,central visual,striate cortex,R
17Networks_RH_VisCent_ExStr_1,17networks_rh_viscent_exstr,17networks_rh_viscent_exstr,central visual,extrastriate cortex,R
17Networks_RH_VisCent_ExStr_2,17networks_rh_viscent_exstr,17networks_rh_viscent_exstr,central visual,extrastriate cortex,R
17Networks_RH_VisCent_ExStr_3,17networks_rh_viscent_exstr,17networks_rh_viscent_exstr,central visual,extrastriate cortex,R
17Networks_RH_VisCent_ExStr_4,17networks_rh_viscent_exstr,17networks_rh_viscent_exstr,central visual,extrastriate cortex,R
17Networks_RH_VisCent_ExStr_5,17networks_rh_viscent_exstr,17networks_rh_viscent_exstr,central visual,extrastriate cortex,R
17Networks_RH_VisCent_ExStr_6,17networks_rh_viscent_exstr,17networks_rh_viscent_exstr,central visual,extrastriate cortex,R
17Networks_RH_VisCent_ExStr_7,17networks_rh_viscent_exstr,17networks_rh_viscent_exstr,central visual,extrastriate cortex,R
17Networks_RH_VisCent_ExStr_8,17networks_rh_viscent_exstr,17networks_rh_viscent_exstr,central visual,extrastriate cortex,R
17Networks_RH_VisCent_ExStr_9,17networks_rh_viscent_exstr,17networks_rh_viscent_exstr,central visual,extrastriate cortex,R
17Networks_RH_VisCent_ExStr_10,17networks_rh_viscent_exstr,17networks_rh_viscent_exstr,central visual,extrastriate cortex,R
17Networks_RH_VisCent_ExStr_11,17networks_rh_viscent_exstr,17networks_rh_viscent_exstr,central visual,extrastriate cortex,R
17Networks_RH_VisCent_ExStr_12,17networks_rh_viscent_exstr,17networks_rh_viscent_exstr,central visual,extrastriate cortex,R
17Networks_RH_VisCent_ExStr_13,17networks_rh_viscent_exstr,17networks_rh_viscent_exstr,central visual,extrastriate cortex,R
17Networks_RH_VisCent_ExStr_14,17networks_rh_viscent_exstr,17networks_rh_viscent_exstr,central visual,extrastriate cortex,R
17Networks_RH_VisCent_ExStr_15,17networks_rh_viscent_exstr,17networks_rh_viscent_exstr,central visual,extrastriate cortex,R
17Networks_RH_VisCent_ExStr_16,17networks_rh_viscent_exstr,17networks_rh_viscent_exstr,central visual,extrastriate cortex,R
17Networks_RH_VisCent_ExStr_17,17networks_rh_viscent_exstr,17networks_rh_viscent_exstr,central visual,extrastriate cortex,R
17Networks_RH_VisCent_ExStr_18,17networks_rh_viscent_exstr,17networks_rh_viscent_exstr,central visual,extrastriate cortex,R
17Networks_RH_VisPeri_StriCal_1,17networks_rh_visperi_strical,17networks_rh_visperi_strical,peripheral visual,striate calcarine,R
17Networks_RH_VisPeri_StriCal_2,17networks_rh_visperi_strical,17networks_rh_visperi_strical,peripheral visual,striate calcarine,R
17Networks_RH_VisPeri_StriCal_3,17networks_rh_visperi_strical,17networks_rh_visperi_strical,peripheral visual,striate calcarine,R
17Networks_RH_VisPeri_StriCal_4,17networks_rh_visperi_strical,17networks_rh_visperi_strical,peripheral visual,striate calcarine,R
17Networks_RH_VisPeri_ExStrInf_1,17networks_rh_visperi_exstrinf,17networks_rh_visperi_exstrinf,peripheral visual,extra-striate inferior,R
17Networks_RH_VisPeri_ExStrInf_2,17networks_rh_visperi_exstrinf,17networks_rh_visperi_exstrinf,peripheral visual,extra-striate inferior,R
17Networks_RH_VisPeri_ExStrInf_3,17networks_rh_visperi_exstrinf,17networks_rh_visperi_exstrinf,peripheral visual,extra-striate inferior,R
17Networks_RH_VisPeri_ExStrInf_4,17networks_rh_visperi_exstrinf,17networks_rh_visperi_exstrinf,peripheral visual,extra-striate inferior,R
17Networks_RH_VisPeri_ExStrInf_5,17networks_rh_visperi_exstrinf,17networks_rh_visperi_exstrinf,peripheral visual,extra-striate inferior,R
17Networks_RH_VisPeri_ExStrSup_1,17networks_rh_visperi_exstrsup,17networks_rh_visperi_exstrsup,peripheral visual,extra-striate superior,R
17Networks_RH_VisPeri_ExStrSup_2,17networks_rh_visperi_exstrsup,17networks_rh_visperi_exstrsup,peripheral visual,extra-striate superior,R
17Networks_RH_VisPeri_ExStrSup_3,17networks_rh_visperi_exstrsup,17networks_rh_visperi_exstrsup,peripheral visual,extra-striate superior,R
17Networks_RH_VisPeri_ExStrSup_4,17networks_rh_visperi_exstrsup,17networks_rh_visperi_exstrsup,peripheral visual,extra-striate superior,R
17Networks_RH_VisPeri_ExStrSup_5,17networks_rh_visperi_exstrsup,17networks_rh_visperi_exstrsup,peripheral visual,extra-striate superior,R
17Networks_RH_VisPeri_ExStrSup_6,17networks_rh_visperi_exstrsup,17networks_rh_visperi_exstrsup,peripheral visual,extra-striate superior,R
17Networks_RH_SomMotA_1,17networks_rh_sommota,17networks_rh_sommota,somatomotor A,somatomotor A,R
17Networks_RH_SomMotA_2,17networks_rh_sommota,17networks_rh_sommota,somatomotor A,somatomotor A,R
17Networks_RH_SomMotA_3,17networks_rh_sommota,17networks_rh_sommota,somatomotor A,somatomotor A,R
17Networks_RH_SomMotA_4,17networks_rh_sommota,17networks_rh_sommota,somatomotor A,somatomotor A,R
17Networks_RH_SomMotA_5,17networks_rh_sommota,17networks_rh_sommota,somatomotor A,somatomotor A,R
17Networks_RH_SomMotA_6,17networks_rh_sommota,17networks_rh_sommota,somatomotor A,somatomotor A,R
17Networks_RH_SomMotA_7,17networks_rh_sommota,17networks_rh_sommota,somatomotor A,somatomotor A,R
17Networks_RH_SomMotA_8,17networks_rh_sommota,17networks_rh_sommota,somatomotor A,somatomotor A,R
17Networks_RH_SomMotA_9,17networks_rh_sommota,17networks_rh_sommota,somatomotor A,somatomotor A,R
17Networks_RH_SomMotA_10,17networks_rh_sommota,17networks_rh_sommota,somatomotor A,somatomotor A,R
17Networks_RH_SomMotA_11,17networks_rh_sommota,17networks_rh_sommota,somatomotor A,somatomotor A,R
17Networks_RH_SomMotA_12,17networks_rh_sommota,17networks_rh_sommota,somatomotor A,somatomotor A,R
17Networks_RH_SomMotA_13,17networks_rh_sommota,17networks_rh_sommota,somatomotor A,somatomotor A,R
17Networks_RH_SomMotA_14,17networks_rh_sommota,17networks_rh_sommota,somatomotor A,somatomotor A,R
17Networks_RH_SomMotA_15,17networks_rh_sommota,17networks_rh_sommota,somatomotor A,somatomotor A,R
17Networks_RH_SomMotA_16,17networks_rh_sommota,17networks_rh_sommota,somatomotor A,somatomotor A,R
17Networks_RH_SomMotA_17,17networks_rh_sommota,17networks_rh_sommota,somatomotor A,somatomotor A,R
17Networks_RH_SomMotA_18,17networks_rh_sommota,17networks_rh_sommota,somatomotor A,somatomotor A,R
17Networks_RH_SomMotA_19,17networks_rh_sommota,17networks_rh_sommota,somatomotor A,somatomotor A,R
17Networks_RH_SomMotA_20,17networks_rh_sommota,17networks_rh_sommota,somatomotor A,somatomotor A,R
17Networks_RH_SomMotA_21,17networks_rh_sommota,17networks_rh_sommota,somatomotor A,somatomotor A,R
17Networks_RH_SomMotA_22,17networks_rh_sommota,17networks_rh_sommota,somatomotor A,somatomotor A,R
17Networks_RH_SomMotA_23,17networks_rh_sommota,17networks_rh_sommota,somatomotor A,somatomotor A,R
17Networks_RH_SomMotA_24,17networks_rh_sommota,17networks_rh_sommota,somatomotor A,somatomotor A,R
17Networks_RH_SomMotA_25,17networks_rh_sommota,17networks_rh_sommota,somatomotor A,somatomotor A,R
17Networks_RH_SomMotA_26,17networks_rh_sommota,17networks_rh_sommota,somatomotor A,somatomotor A,R
17Networks_RH_SomMotA_27,17networks_rh_sommota,17networks_rh_sommota,somatomotor A,somatomotor A,R
17Networks_RH_SomMotB_Cent_1,17networks_rh_sommotb_cent,17networks_rh_sommotb_cent,somatomotor B,central ,R
17Networks_RH_SomMotB_Cent_2,17networks_rh_sommotb_cent,17networks_rh_sommotb_cent,somatomotor B,central ,R
17Networks_RH_SomMotB_Cent_3,17networks_rh_sommotb_cent,17networks_rh_sommotb_cent,somatomotor B,central ,R
17Networks_RH_SomMotB_Cent_4,17networks_rh_sommotb_cent,17networks_rh_sommotb_cent,somatomotor B,central ,R
17Networks_RH_SomMotB_Cent_5,17networks_rh_sommotb_cent,17networks_rh_sommotb_cent,somatomotor B,central ,R
17Networks_RH_SomMotB_Cent_6,17networks_rh_sommotb_cent,17networks_rh_sommotb_cent,somatomotor B,central ,R
17Networks_RH_SomMotB_S2_1,17networks_rh_sommotb_s2,17networks_rh_sommotb_s2,somatomotor B,S2,R
17Networks_RH_SomMotB_S2_2,17networks_rh_sommotb_s2,17networks_rh_sommotb_s2,somatomotor B,S2,R
17Networks_RH_SomMotB_S2_3,17networks_rh_sommotb_s2,17networks_rh_sommotb_s2,somatomotor B,S2,R
17Networks_RH_SomMotB_S2_4,17networks_rh_sommotb_s2,17networks_rh_sommotb_s2,somatomotor B,S2,R
17Networks_RH_SomMotB_S2_5,17networks_rh_sommotb_s2,17networks_rh_sommotb_s2,somatomotor B,S2,R
17Networks_RH_SomMotB_S2_6,17networks_rh_sommotb_s2,17networks_rh_sommotb_s2,somatomotor B,S2,R
17Networks_RH_SomMotB_S2_7,17networks_rh_sommotb_s2,17networks_rh_sommotb_s2,somatomotor B,S2,R
17Networks_RH_SomMotB_S2_8,17networks_rh_sommotb_s2,17networks_rh_sommotb_s2,somatomotor B,S2,R
17Networks_RH_SomMotB_Ins_1,17networks_rh_sommotb_ins,17networks_rh_sommotb_ins,somatomotor B,insula,R
17Networks_RH_SomMotB_Aud_1,17networks_rh_sommotb_aud,17networks_rh_sommotb_aud,somatomotor B,auditory,R
17Networks_RH_SomMotB_Aud_2,17networks_rh_sommotb_aud,17networks_rh_sommotb_aud,somatomotor B,auditory,R
17Networks_RH_SomMotB_Aud_3,17networks_rh_sommotb_aud,17networks_rh_sommotb_aud,somatomotor B,auditory,R
17Networks_RH_SomMotB_Aud_4,17networks_rh_sommotb_aud,17networks_rh_sommotb_aud,somatomotor B,auditory,R
17Networks_RH_DorsAttnA_TempOcc_1,17networks_rh_dorsattna_tempocc,17networks_rh_dorsattna_tempocc,dorsal attention A,temporal occipital,R
17Networks_RH_DorsAttnA_TempOcc_2,17networks_rh_dorsattna_tempocc,17networks_rh_dorsattna_tempocc,dorsal attention A,temporal occipital,R
17Networks_RH_DorsAttnA_TempOcc_3,17networks_rh_dorsattna_tempocc,17networks_rh_dorsattna_tempocc,dorsal attention A,temporal occipital,R
17Networks_RH_DorsAttnA_ParOcc_1,17networks_rh_dorsattna_parocc,17networks_rh_dorsattna_parocc,dorsal attention A,parietal occipital,R
17Networks_RH_DorsAttnA_ParOcc_2,17networks_rh_dorsattna_parocc,17networks_rh_dorsattna_parocc,dorsal attention A,parietal occipital,R
17Networks_RH_DorsAttnA_ParOcc_3,17networks_rh_dorsattna_parocc,17networks_rh_dorsattna_parocc,dorsal attention A,parietal occipital,R
17Networks_RH_DorsAttnA_ParOcc_4,17networks_rh_dorsattna_parocc,17networks_rh_dorsattna_parocc,dorsal attention A,parietal occipital,R
17Networks_RH_DorsAttnA_SPL_1,17networks_rh_dorsattna_spl,17networks_rh_dorsattna_spl,dorsal attention A,superior parietal lobule,R
17Networks_RH_DorsAttnA_SPL_2,17networks_rh_dorsattna_spl,17networks_rh_dorsattna_spl,dorsal attention A,superior parietal lobule,R
17Networks_RH_DorsAttnA_SPL_3,17networks_rh_dorsattna_spl,17networks_rh_dorsattna_spl,dorsal attention A,superior parietal lobule,R
17Networks_RH_DorsAttnA_SPL_4,17networks_rh_dorsattna_spl,17networks_rh_dorsattna_spl,dorsal attention A,superior parietal lobule,R
17Networks_RH_DorsAttnA_SPL_5,17networks_rh_dorsattna_spl,17networks_rh_dorsattna_spl,dorsal attention A,superior parietal lobule,R
17Networks_RH_DorsAttnA_SPL_6,17networks_rh_dorsattna_spl,17networks_rh_dorsattna_spl,dorsal attention A,superior parietal lobule,R
17Networks_RH_DorsAttnA_SPL_7,17networks_rh_dorsattna_spl,17networks_rh_dorsattna_spl,dorsal attention A,superior parietal lobule,R
17Networks_RH_DorsAttnA_SPL_8,17networks_rh_dorsattna_spl,17networks_rh_dorsattna_spl,dorsal attention A,superior parietal lobule,R
17Networks_RH_DorsAttnA_SPL_9,17networks_rh_dorsattna_spl,17networks_rh_dorsattna_spl,dorsal attention A,superior parietal lobule,R
17Networks_RH_DorsAttnA_SPL_10,17networks_rh_dorsattna_spl,17networks_rh_dorsattna_spl,dorsal attention A,superior parietal lobule,R
17Networks_RH_DorsAttnA_SPL_11,17networks_rh_dorsattna_spl,17networks_rh_dorsattna_spl,dorsal attention A,superior parietal lobule,R
17Networks_RH_DorsAttnA_SPL_12,17networks_rh_dorsattna_spl,17networks_rh_dorsattna_spl,dorsal attention A,superior parietal lobule,R
17Networks_RH_DorsAttnB_TempOcc_1,17networks_rh_dorsattnb_tempocc,17networks_rh_dorsattnb_tempocc,dorsal attention B,temporal occipital,R
17Networks_RH_DorsAttnB_PostC_1,17networks_rh_dorsattnb_postc,17networks_rh_dorsattnb_postc,dorsal attention B,post central,R
17Networks_RH_DorsAttnB_PostC_2,17networks_rh_dorsattnb_postc,17networks_rh_dorsattnb_postc,dorsal attention B,post central,R
17Networks_RH_DorsAttnB_PostC_3,17networks_rh_dorsattnb_postc,17networks_rh_dorsattnb_postc,dorsal attention B,post central,R
17Networks_RH_DorsAttnB_PostC_4,17networks_rh_dorsattnb_postc,17networks_rh_dorsattnb_postc,dorsal attention B,post central,R
17Networks_RH_DorsAttnB_PostC_5,17networks_rh_dorsattnb_postc,17networks_rh_dorsattnb_postc,dorsal attention B,post central,R
17Networks_RH_DorsAttnB_PostC_6,17networks_rh_dorsattnb_postc,17networks_rh_dorsattnb_postc,dorsal attention B,post central,R
17Networks_RH_DorsAttnB_PostC_7,17networks_rh_dorsattnb_postc,17networks_rh_dorsattnb_postc,dorsal attention B,post central,R
17Networks_RH_DorsAttnB_PostC_8,17networks_rh_dorsattnb_postc,17networks_rh_dorsattnb_postc,dorsal attention B,post central,R
17Networks_RH_DorsAttnB_PostC_9,17networks_rh_dorsattnb_postc,17networks_rh_dorsattnb_postc,dorsal attention B,post central,R
17Networks_RH_DorsAttnB_PostC_10,17networks_rh_dorsattnb_postc,17networks_rh_dorsattnb_postc,dorsal attention B,post central,R
17Networks_RH_DorsAttnB_PostC_11,17networks_rh_dorsattnb_postc,17networks_rh_dorsattnb_postc,dorsal attention B,post central,R
17Networks_RH_DorsAttnB_PostC_12,17networks_rh_dorsattnb_postc,17networks_rh_dorsattnb_postc,dorsal attention B,post central,R
17Networks_RH_DorsAttnB_FEF_1,17networks_rh_dorsattnb_fef,17networks_rh_dorsattnb_fef,dorsal attention B,frontal eye fields,R
17Networks_RH_DorsAttnB_FEF_2,17networks_rh_dorsattnb_fef,17networks_rh_dorsattnb_fef,dorsal attention B,frontal eye fields,R
17Networks_RH_DorsAttnB_FEF_3,17networks_rh_dorsattnb_fef,17networks_rh_dorsattnb_fef,dorsal attention B,frontal eye fields,R
17Networks_RH_DorsAttnB_FEF_4,17networks_rh_dorsattnb_fef,17networks_rh_dorsattnb_fef,dorsal attention B,frontal eye fields,R
17Networks_RH_DorsAttnB_PrCv_1,17networks_rh_dorsattnb_prcv,17networks_rh_dorsattnb_prcv,dorsal attention B,precentral ventral,R
17Networks_RH_SalVentAttnA_ParOper_1,17networks_rh_salventattna_paroper,17networks_rh_salventattna_paroper,salience / ventral attention A,parietal operculum,R
17Networks_RH_SalVentAttnA_ParOper_2,17networks_rh_salventattna_paroper,17networks_rh_salventattna_paroper,salience / ventral attention A,parietal operculum,R
17Networks_RH_SalVentAttnA_ParOper_3,17networks_rh_salventattna_paroper,17networks_rh_salventattna_paroper,salience / ventral attention A,parietal operculum,R
17Networks_RH_SalVentAttnA_ParOper_4,17networks_rh_salventattna_paroper,17networks_rh_salventattna_paroper,salience / ventral attention A,parietal operculum,R
17Networks_RH_SalVentAttnA_ParOper_5,17networks_rh_salventattna_paroper,17networks_rh_salventattna_paroper,salience / ventral attention A,parietal operculum,R
17Networks_RH_SalVentAttnA_PrC_1,17networks_rh_salventattna_prc,17networks_rh_salventattna_prc,salience / ventral attention A,precentral ,R
17Networks_RH_SalVentAttnA_FrOper_1,17networks_rh_salventattna_froper,17networks_rh_salventattna_froper,salience / ventral attention A,frontal operculum ,R
17Networks_RH_SalVentAttnA_FrOper_2,17networks_rh_salventattna_froper,17networks_rh_salventattna_froper,salience / ventral attention A,frontal operculum ,R
17Networks_RH_SalVentAttnA_FrOper_3,17networks_rh_salventattna_froper,17networks_rh_salventattna_froper,salience / ventral attention A,frontal operculum ,R
17Networks_RH_SalVentAttnA_FrOper_4,17networks_rh_salventattna_froper,17networks_rh_salventattna_froper,salience / ventral attention A,frontal operculum ,R
17Networks_RH_SalVentAttnA_FrOper_5,17networks_rh_salventattna_froper,17networks_rh_salventattna_froper,salience / ventral attention A,frontal operculum ,R
17Networks_RH_SalVentAttnA_Ins_1,17networks_rh_salventattna_ins,17networks_rh_salventattna_ins,salience / ventral attention A,insula,R
17Networks_RH_SalVentAttnA_Ins_2,17networks_rh_salventattna_ins,17networks_rh_salventattna_ins,salience / ventral attention A,insula,R
17Networks_RH_SalVentAttnA_Ins_3,17networks_rh_salventattna_ins,17networks_rh_salventattna_ins,salience / ventral attention A,insula,R
17Networks_RH_SalVentAttnA_Ins_4,17networks_rh_salventattna_ins,17networks_rh_salventattna_ins,salience / ventral attention A,insula,R
17Networks_RH_SalVentAttnA_Ins_5,17networks_rh_salventattna_ins,17networks_rh_salventattna_ins,salience / ventral attention A,insula,R
17Networks_RH_SalVentAttnA_Ins_6,17networks_rh_salventattna_ins,17networks_rh_salventattna_ins,salience / ventral attention A,insula,R
17Networks_RH_SalVentAttnA_ParMed_1,17networks_rh_salventattna_parmed,17networks_rh_salventattna_parmed,salience / ventral attention A,parietal medial,R
17Networks_RH_SalVentAttnA_ParMed_2,17networks_rh_salventattna_parmed,17networks_rh_salventattna_parmed,salience / ventral attention A,parietal medial,R
17Networks_RH_SalVentAttnA_ParMed_3,17networks_rh_salventattna_parmed,17networks_rh_salventattna_parmed,salience / ventral attention A,parietal medial,R
17Networks_RH_SalVentAttnA_ParMed_4,17networks_rh_salventattna_parmed,17networks_rh_salventattna_parmed,salience / ventral attention A,parietal medial,R
17Networks_RH_SalVentAttnA_ParMed_5,17networks_rh_salventattna_parmed,17networks_rh_salventattna_parmed,salience / ventral attention A,parietal medial,R
17Networks_RH_SalVentAttnA_ParMed_6,17networks_rh_salventattna_parmed,17networks_rh_salventattna_parmed,salience / ventral attention A,parietal medial,R
17Networks_RH_SalVentAttnA_FrMed_1,17networks_rh_salventattna_frmed,17networks_rh_salventattna_frmed,salience / ventral attention A,frontal medial,R
17Networks_RH_SalVentAttnA_FrMed_2,17networks_rh_salventattna_frmed,17networks_rh_salventattna_frmed,salience / ventral attention A,frontal medial,R
17Networks_RH_SalVentAttnA_FrMed_3,17networks_rh_salventattna_frmed,17networks_rh_salventattna_frmed,salience / ventral attention A,frontal medial,R
17Networks_RH_SalVentAttnA_FrMed_4,17networks_rh_salventattna_frmed,17networks_rh_salventattna_frmed,salience / ventral attention A,frontal medial,R
17Networks_RH_SalVentAttnA_FrMed_5,17networks_rh_salventattna_frmed,17networks_rh_salventattna_frmed,salience / ventral attention A,frontal medial,R
17Networks_RH_SalVentAttnA_FrMed_6,17networks_rh_salventattna_frmed,17networks_rh_salventattna_frmed,salience / ventral attention A,frontal medial,R
17Networks_RH_SalVentAttnA_FrMed_7,17networks_rh_salventattna_frmed,17networks_rh_salventattna_frmed,salience / ventral attention A,frontal medial,R
17Networks_RH_SalVentAttnB_IPL_1,17networks_rh_salventattnb_ipl,17networks_rh_salventattnb_ipl,salience / ventral attention B,inferior parietal lobule,R
17Networks_RH_SalVentAttnB_IPL_2,17networks_rh_salventattnb_ipl,17networks_rh_salventattnb_ipl,salience / ventral attention B,inferior parietal lobule,R
17Networks_RH_SalVentAttnB_PFCd_1,17networks_rh_salventattnb_pfcd,17networks_rh_salventattnb_pfcd,salience / ventral attention B,dorsal prefrontal cortex,R
17Networks_RH_SalVentAttnB_PFCd_2,17networks_rh_salventattnb_pfcd,17networks_rh_salventattnb_pfcd,salience / ventral attention B,dorsal prefrontal cortex,R
17Networks_RH_SalVentAttnB_PFCl_1,17networks_rh_salventattnb_pfcl,17networks_rh_salventattnb_pfcl,salience / ventral attention B,lateral prefrontal cortex,R
17Networks_RH_SalVentAttnB_PFCl_2,17networks_rh_salventattnb_pfcl,17networks_rh_salventattnb_pfcl,salience / ventral attention B,lateral prefrontal cortex,R
17Networks_RH_SalVentAttnB_PFCl_3,17networks_rh_salventattnb_pfcl,17networks_rh_salventattnb_pfcl,salience / ventral attention B,lateral prefrontal cortex,R
17Networks_RH_SalVentAttnB_PFClv_1,17networks_rh_salventattnb_pfclv,17networks_rh_salventattnb_pfclv,salience / ventral attention B,lateral ventral prefrontal cortex,R
17Networks_RH_SalVentAttnB_PFClv_2,17networks_rh_salventattnb_pfclv,17networks_rh_salventattnb_pfclv,salience / ventral attention B,lateral ventral prefrontal cortex,R
17Networks_RH_SalVentAttnB_Ins_1,17networks_rh_salventattnb_ins,17networks_rh_salventattnb_ins,salience / ventral attention B,insula,R
17Networks_RH_SalVentAttnB_Ins_2,17networks_rh_salventattnb_ins,17networks_rh_salventattnb_ins,salience / ventral attention B,insula,R
17Networks_RH_SalVentAttnB_Ins_3,17networks_rh_salventattnb_ins,17networks_rh_salventattnb_ins,salience / ventral attention B,insula,R
17Networks_RH_SalVentAttnB_Ins_4,17networks_rh_salventattnb_ins,17networks_rh_salventattnb_ins,salience / ventral attention B,insula,R
17Networks_RH_SalVentAttnB_PFCmp_1,17networks_rh_salventattnb_pfcmp,17networks_rh_salventattnb_pfcmp,salience / ventral attention B,medial posterior prefrontal cortex,R
17Networks_RH_SalVentAttnB_PFCmp_2,17networks_rh_salventattnb_pfcmp,17networks_rh_salventattnb_pfcmp,salience / ventral attention B,medial posterior prefrontal cortex,R
17Networks_RH_SalVentAttnB_PFCmp_3,17networks_rh_salventattnb_pfcmp,17networks_rh_salventattnb_pfcmp,salience / ventral attention B,medial posterior prefrontal cortex,R
17Networks_RH_SalVentAttnB_PFCmp_4,17networks_rh_salventattnb_pfcmp,17networks_rh_salventattnb_pfcmp,salience / ventral attention B,medial posterior prefrontal cortex,R
17Networks_RH_SalVentAttnB_Cinga_1,17networks_rh_salventattnb_cinga,17networks_rh_salventattnb_cinga,salience / ventral attention B,cingulate anterior,R
17Networks_RH_LimbicB_OFC_1,17networks_rh_limbicb_ofc,17networks_rh_limbicb_ofc,limbic B,orbital frontal cortex,R
17Networks_RH_LimbicB_OFC_2,17networks_rh_limbicb_ofc,17networks_rh_limbicb_ofc,limbic B,orbital frontal cortex,R
17Networks_RH_LimbicB_OFC_3,17networks_rh_limbicb_ofc,17networks_rh_limbicb_ofc,limbic B,orbital frontal cortex,R
17Networks_RH_LimbicB_OFC_4,17networks_rh_limbicb_ofc,17networks_rh_limbicb_ofc,limbic B,orbital frontal cortex,R
17Networks_RH_LimbicB_OFC_5,17networks_rh_limbicb_ofc,17networks_rh_limbicb_ofc,limbic B,orbital frontal cortex,R
17Networks_RH_LimbicB_OFC_6,17networks_rh_limbicb_ofc,17networks_rh_limbicb_ofc,limbic B,orbital frontal cortex,R
17Networks_RH_LimbicB_OFC_7,17networks_rh_limbicb_ofc,17networks_rh_limbicb_ofc,limbic B,orbital frontal cortex,R
17Networks_RH_LimbicB_OFC_8,17networks_rh_limbicb_ofc,17networks_rh_limbicb_ofc,limbic B,orbital frontal cortex,R
17Networks_RH_LimbicB_OFC_9,17networks_rh_limbicb_ofc,17networks_rh_limbicb_ofc,limbic B,orbital frontal cortex,R
17Networks_RH_LimbicB_OFC_10,17networks_rh_limbicb_ofc,17networks_rh_limbicb_ofc,limbic B,orbital frontal cortex,R
17Networks_RH_LimbicB_OFC_11,17networks_rh_limbicb_ofc,17networks_rh_limbicb_ofc,limbic B,orbital frontal cortex,R
17Networks_RH_LimbicA_TempPole_1,17networks_rh_limbica_temppole,17networks_rh_limbica_temppole,limbic A,temporal pole,R
17Networks_RH_LimbicA_TempPole_2,17networks_rh_limbica_temppole,17networks_rh_limbica_temppole,limbic A,temporal pole,R
17Networks_RH_LimbicA_TempPole_3,17networks_rh_limbica_temppole,17networks_rh_limbica_temppole,limbic A,temporal pole,R
17Networks_RH_LimbicA_TempPole_4,17networks_rh_limbica_temppole,17networks_rh_limbica_temppole,limbic A,temporal pole,R
17Networks_RH_LimbicA_TempPole_5,17networks_rh_limbica_temppole,17networks_rh_limbica_temppole,limbic A,temporal pole,R
17Networks_RH_LimbicA_TempPole_6,17networks_rh_limbica_temppole,17networks_rh_limbica_temppole,limbic A,temporal pole,R
17Networks_RH_LimbicA_TempPole_7,17networks_rh_limbica_temppole,17networks_rh_limbica_temppole,limbic A,temporal pole,R
17Networks_RH_LimbicA_TempPole_8,17networks_rh_limbica_temppole,17networks_rh_limbica_temppole,limbic A,temporal pole,R
17Networks_RH_LimbicA_TempPole_9,17networks_rh_limbica_temppole,17networks_rh_limbica_temppole,limbic A,temporal pole,R
17Networks_RH_ContA_IPS_1,17networks_rh_conta_ips,17networks_rh_conta_ips,control A,intraparietal sulcus,R
17Networks_RH_ContA_IPS_2,17networks_rh_conta_ips,17networks_rh_conta_ips,control A,intraparietal sulcus,R
17Networks_RH_ContA_IPS_3,17networks_rh_conta_ips,17networks_rh_conta_ips,control A,intraparietal sulcus,R
17Networks_RH_ContA_IPS_4,17networks_rh_conta_ips,17networks_rh_conta_ips,control A,intraparietal sulcus,R
17Networks_RH_ContA_IPS_5,17networks_rh_conta_ips,17networks_rh_conta_ips,control A,intraparietal sulcus,R
17Networks_RH_ContA_IPS_6,17networks_rh_conta_ips,17networks_rh_conta_ips,control A,intraparietal sulcus,R
17Networks_RH_ContA_IPS_7,17networks_rh_conta_ips,17networks_rh_conta_ips,control A,intraparietal sulcus,R
17Networks_RH_ContA_IPS_8,17networks_rh_conta_ips,17networks_rh_conta_ips,control A,intraparietal sulcus,R
17Networks_RH_ContA_PFCd_1,17networks_rh_conta_pfcd,17networks_rh_conta_pfcd,control A,dorsal prefrontal cortex,R
17Networks_RH_ContA_PFCd_2,17networks_rh_conta_pfcd,17networks_rh_conta_pfcd,control A,dorsal prefrontal cortex,R
17Networks_RH_ContA_PFCl_1,17networks_rh_conta_pfcl,17networks_rh_conta_pfcl,control A,lateral prefrontal cortex,R
17Networks_RH_ContA_PFCl_2,17networks_rh_conta_pfcl,17networks_rh_conta_pfcl,control A,lateral prefrontal cortex,R
17Networks_RH_ContA_PFCl_3,17networks_rh_conta_pfcl,17networks_rh_conta_pfcl,control A,lateral prefrontal cortex,R
17Networks_RH_ContA_PFCl_4,17networks_rh_conta_pfcl,17networks_rh_conta_pfcl,control A,lateral prefrontal cortex,R
17Networks_RH_ContA_PFCl_5,17networks_rh_conta_pfcl,17networks_rh_conta_pfcl,control A,lateral prefrontal cortex,R
17Networks_RH_ContA_PFCl_6,17networks_rh_conta_pfcl,17networks_rh_conta_pfcl,control A,lateral prefrontal cortex,R
17Networks_RH_ContA_PFCl_7,17networks_rh_conta_pfcl,17networks_rh_conta_pfcl,control A,lateral prefrontal cortex,R
17Networks_RH_ContA_Cingm_1,17networks_rh_conta_cingm,17networks_rh_conta_cingm,control A,mid-cingulate,R
17Networks_RH_ContB_Temp_1,17networks_rh_contb_temp,17networks_rh_contb_temp,control B,temporal,R
17Networks_RH_ContB_Temp_2,17networks_rh_contb_temp,17networks_rh_contb_temp,control B,temporal,R
17Networks_RH_ContB_Temp_3,17networks_rh_contb_temp,17networks_rh_contb_temp,control B,temporal,R
17Networks_RH_ContB_IPL_1,17networks_rh_contb_ipl,17networks_rh_contb_ipl,control B,inferior parietal lobule,R
17Networks_RH_ContB_IPL_2,17networks_rh_contb_ipl,17networks_rh_contb_ipl,control B,inferior parietal lobule,R
17Networks_RH_ContB_IPL_3,17networks_rh_contb_ipl,17networks_rh_contb_ipl,control B,inferior parietal lobule,R
17Networks_RH_ContB_IPL_4,17networks_rh_contb_ipl,17networks_rh_contb_ipl,control B,inferior parietal lobule,R
17Networks_RH_ContB_IPL_5,17networks_rh_contb_ipl,17networks_rh_contb_ipl,control B,inferior parietal lobule,R
17Networks_RH_ContB_PFCld_1,17networks_rh_contb_pfcld,17networks_rh_contb_pfcld,control B,lateral dorsal prefrontal cortex,R
17Networks_RH_ContB_PFCld_2,17networks_rh_contb_pfcld,17networks_rh_contb_pfcld,control B,lateral dorsal prefrontal cortex,R
17Networks_RH_ContB_PFCld_3,17networks_rh_contb_pfcld,17networks_rh_contb_pfcld,control B,lateral dorsal prefrontal cortex,R
17Networks_RH_ContB_PFCld_4,17networks_rh_contb_pfcld,17networks_rh_contb_pfcld,control B,lateral dorsal prefrontal cortex,R
17Networks_RH_ContB_PFCld_5,17networks_rh_contb_pfcld,17networks_rh_contb_pfcld,control B,lateral dorsal prefrontal cortex,R
17Networks_RH_ContB_PFCld_6,17networks_rh_contb_pfcld,17networks_rh_contb_pfcld,control B,lateral dorsal prefrontal cortex,R
17Networks_RH_ContB_PFCld_7,17networks_rh_contb_pfcld,17networks_rh_contb_pfcld,control B,lateral dorsal prefrontal cortex,R
17Networks_RH_ContB_PFClv_1,17networks_rh_contb_pfclv,17networks_rh_contb_pfclv,control B,lateral ventral prefrontal cortex,R
17Networks_RH_ContB_PFClv_2,17networks_rh_contb_pfclv,17networks_rh_contb_pfclv,control B,lateral ventral prefrontal cortex,R
17Networks_RH_ContB_PFClv_3,17networks_rh_contb_pfclv,17networks_rh_contb_pfclv,control B,lateral ventral prefrontal cortex,R
17Networks_RH_ContB_PFClv_4,17networks_rh_contb_pfclv,17networks_rh_contb_pfclv,control B,lateral ventral prefrontal cortex,R
17Networks_RH_ContB_PFClv_5,17networks_rh_contb_pfclv,17networks_rh_contb_pfclv,control B,lateral ventral prefrontal cortex,R
17Networks_RH_ContB_PFClv_6,17networks_rh_contb_pfclv,17networks_rh_contb_pfclv,control B,lateral ventral prefrontal cortex,R
17Networks_RH_ContB_PFCmp_1,17networks_rh_contb_pfcmp,17networks_rh_contb_pfcmp,control B,medial posterior prefrontal cortex,R
17Networks_RH_ContC_pCun_1,17networks_rh_contc_pcun,17networks_rh_contc_pcun,control C,precuneus,R
17Networks_RH_ContC_pCun_2,17networks_rh_contc_pcun,17networks_rh_contc_pcun,control C,precuneus,R
17Networks_RH_ContC_pCun_3,17networks_rh_contc_pcun,17networks_rh_contc_pcun,control C,precuneus,R
17Networks_RH_ContC_pCun_4,17networks_rh_contc_pcun,17networks_rh_contc_pcun,control C,precuneus,R
17Networks_RH_ContC_pCun_5,17networks_rh_contc_pcun,17networks_rh_contc_pcun,control C,precuneus,R
17Networks_RH_ContC_pCun_6,17networks_rh_contc_pcun,17networks_rh_contc_pcun,control C,precuneus,R
17Networks_RH_ContC_Cingp_1,17networks_rh_contc_cingp,17networks_rh_contc_cingp,control C,cingulate posterior,R
17Networks_RH_ContC_Cingp_2,17networks_rh_contc_cingp,17networks_rh_contc_cingp,control C,cingulate posterior,R
17Networks_RH_ContC_Cingp_3,17networks_rh_contc_cingp,17networks_rh_contc_cingp,control C,cingulate posterior,R
17Networks_RH_DefaultA_Temp_1,17networks_rh_defaulta_temp,17networks_rh_defaulta_temp,default A,temporal,R
17Networks_RH_DefaultA_IPL_1,17networks_rh_defaulta_ipl,17networks_rh_defaulta_ipl,default A,inferior parietal lobule,R
17Networks_RH_DefaultA_IPL_2,17networks_rh_defaulta_ipl,17networks_rh_defaulta_ipl,default A,inferior parietal lobule,R
17Networks_RH_DefaultA_IPL_3,17networks_rh_defaulta_ipl,17networks_rh_defaulta_ipl,default A,inferior parietal lobule,R
17Networks_RH_DefaultA_IPL_4,17networks_rh_defaulta_ipl,17networks_rh_defaulta_ipl,default A,inferior parietal lobule,R
17Networks_RH_DefaultA_PFCd_1,17networks_rh_defaulta_pfcd,17networks_rh_defaulta_pfcd,default A,dorsal prefrontal cortex,R
17Networks_RH_DefaultA_PFCd_2,17networks_rh_defaulta_pfcd,17networks_rh_defaulta_pfcd,default A,dorsal prefrontal cortex,R
17Networks_RH_DefaultA_PFCd_3,17networks_rh_defaulta_pfcd,17networks_rh_defaulta_pfcd,default A,dorsal prefrontal cortex,R
17Networks_RH_DefaultA_pCunPCC_1,17networks_rh_defaulta_pcunpcc,17networks_rh_defaulta_pcunpcc,default A,precuneus posterior cingulate cortex,R
17Networks_RH_DefaultA_pCunPCC_2,17networks_rh_defaulta_pcunpcc,17networks_rh_defaulta_pcunpcc,default A,precuneus posterior cingulate cortex,R
17Networks_RH_DefaultA_pCunPCC_3,17networks_rh_defaulta_pcunpcc,17networks_rh_defaulta_pcunpcc,default A,precuneus posterior cingulate cortex,R
17Networks_RH_DefaultA_pCunPCC_4,17networks_rh_defaulta_pcunpcc,17networks_rh_defaulta_pcunpcc,default A,precuneus posterior cingulate cortex,R
17Networks_RH_DefaultA_pCunPCC_5,17networks_rh_defaulta_pcunpcc,17networks_rh_defaulta_pcunpcc,default A,precuneus posterior cingulate cortex,R
17Networks_RH_DefaultA_pCunPCC_6,17networks_rh_defaulta_pcunpcc,17networks_rh_defaulta_pcunpcc,default A,precuneus posterior cingulate cortex,R
17Networks_RH_DefaultA_pCunPCC_7,17networks_rh_defaulta_pcunpcc,17networks_rh_defaulta_pcunpcc,default A,precuneus posterior cingulate cortex,R
17Networks_RH_DefaultA_pCunPCC_8,17networks_rh_defaulta_pcunpcc,17networks_rh_defaulta_pcunpcc,default A,precuneus posterior cingulate cortex,R
17Networks_RH_DefaultA_pCunPCC_9,17networks_rh_defaulta_pcunpcc,17networks_rh_defaulta_pcunpcc,default A,precuneus posterior cingulate cortex,R
17Networks_RH_DefaultA_pCunPCC_10,17networks_rh_defaulta_pcunpcc,17networks_rh_defaulta_pcunpcc,default A,precuneus posterior cingulate cortex,R
17Networks_RH_DefaultA_PFCm_1,17networks_rh_defaulta_pfcm,17networks_rh_defaulta_pfcm,default A,medial prefrontal cortex,R
17Networks_RH_DefaultA_PFCm_2,17networks_rh_defaulta_pfcm,17networks_rh_defaulta_pfcm,default A,medial prefrontal cortex,R
17Networks_RH_DefaultA_PFCm_3,17networks_rh_defaulta_pfcm,17networks_rh_defaulta_pfcm,default A,medial prefrontal cortex,R
17Networks_RH_DefaultA_PFCm_4,17networks_rh_defaulta_pfcm,17networks_rh_defaulta_pfcm,default A,medial prefrontal cortex,R
17Networks_RH_DefaultA_PFCm_5,17networks_rh_defaulta_pfcm,17networks_rh_defaulta_pfcm,default A,medial prefrontal cortex,R
17Networks_RH_DefaultA_PFCm_6,17networks_rh_defaulta_pfcm,17networks_rh_defaulta_pfcm,default A,medial prefrontal cortex,R
17Networks_RH_DefaultA_PFCm_7,17networks_rh_defaulta_pfcm,17networks_rh_defaulta_pfcm,default A,medial prefrontal cortex,R
17Networks_RH_DefaultA_PFCm_8,17networks_rh_defaulta_pfcm,17networks_rh_defaulta_pfcm,default A,medial prefrontal cortex,R
17Networks_RH_DefaultB_Temp_1,17networks_rh_defaultb_temp,17networks_rh_defaultb_temp,default B,temporal,R
17Networks_RH_DefaultB_Temp_2,17networks_rh_defaultb_temp,17networks_rh_defaultb_temp,default B,temporal,R
17Networks_RH_DefaultB_AntTemp_1,17networks_rh_defaultb_anttemp,17networks_rh_defaultb_anttemp,default B,anterior temporal,R
17Networks_RH_DefaultB_AntTemp_2,17networks_rh_defaultb_anttemp,17networks_rh_defaultb_anttemp,default B,anterior temporal,R
17Networks_RH_DefaultB_AntTemp_3,17networks_rh_defaultb_anttemp,17networks_rh_defaultb_anttemp,default B,anterior temporal,R
17Networks_RH_DefaultB_PFCd_1,17networks_rh_defaultb_pfcd,17networks_rh_defaultb_pfcd,default B,dorsal prefrontal cortex,R
17Networks_RH_DefaultB_PFCd_2,17networks_rh_defaultb_pfcd,17networks_rh_defaultb_pfcd,default B,dorsal prefrontal cortex,R
17Networks_RH_DefaultB_PFCd_3,17networks_rh_defaultb_pfcd,17networks_rh_defaultb_pfcd,default B,dorsal prefrontal cortex,R
17Networks_RH_DefaultB_PFCd_4,17networks_rh_defaultb_pfcd,17networks_rh_defaultb_pfcd,default B,dorsal prefrontal cortex,R
17Networks_RH_DefaultB_PFCd_5,17networks_rh_defaultb_pfcd,17networks_rh_defaultb_pfcd,default B,dorsal prefrontal cortex,R
17Networks_RH_DefaultB_PFCd_6,17networks_rh_defaultb_pfcd,17networks_rh_defaultb_pfcd,default B,dorsal prefrontal cortex,R
17Networks_RH_DefaultB_PFCv_1,17networks_rh_defaultb_pfcv,17networks_rh_defaultb_pfcv,default B,ventral prefrontal cortex,R
17Networks_RH_DefaultB_PFCv_2,17networks_rh_defaultb_pfcv,17networks_rh_defaultb_pfcv,default B,ventral prefrontal cortex,R
17Networks_RH_DefaultB_PFCv_3,17networks_rh_defaultb_pfcv,17networks_rh_defaultb_pfcv,default B,ventral prefrontal cortex,R
17Networks_RH_DefaultB_PFCv_4,17networks_rh_defaultb_pfcv,17networks_rh_defaultb_pfcv,default B,ventral prefrontal cortex,R
17Networks_RH_DefaultB_PFCv_5,17networks_rh_defaultb_pfcv,17networks_rh_defaultb_pfcv,default B,ventral prefrontal cortex,R
17Networks_RH_DefaultC_IPL_1,17networks_rh_defaultc_ipl,17networks_rh_defaultc_ipl,default C,inferior parietal lobule,R
17Networks_RH_DefaultC_IPL_2,17networks_rh_defaultc_ipl,17networks_rh_defaultc_ipl,default C,inferior parietal lobule,R
17Networks_RH_DefaultC_IPL_3,17networks_rh_defaultc_ipl,17networks_rh_defaultc_ipl,default C,inferior parietal lobule,R
17Networks_RH_DefaultC_Rsp_1,17networks_rh_defaultc_rsp,17networks_rh_defaultc_rsp,default C,retrosplenial ,R
17Networks_RH_DefaultC_Rsp_2,17networks_rh_defaultc_rsp,17networks_rh_defaultc_rsp,default C,retrosplenial ,R
17Networks_RH_DefaultC_Rsp_3,17networks_rh_defaultc_rsp,17networks_rh_defaultc_rsp,default C,retrosplenial ,R
17Networks_RH_DefaultC_PHC_1,17networks_rh_defaultc_phc,17networks_rh_defaultc_phc,default C,parahippocampal cortex,R
17Networks_RH_DefaultC_PHC_2,17networks_rh_defaultc_phc,17networks_rh_defaultc_phc,default C,parahippocampal cortex,R
17Networks_RH_DefaultC_PHC_3,17networks_rh_defaultc_phc,17networks_rh_defaultc_phc,default C,parahippocampal cortex,R
17Networks_RH_TempPar_1,17networks_rh_temppar,17networks_rh_temppar,temporal parietal,temporal parietal,R
17Networks_RH_TempPar_2,17networks_rh_temppar,17networks_rh_temppar,temporal parietal,temporal parietal,R
17Networks_RH_TempPar_3,17networks_rh_temppar,17networks_rh_temppar,temporal parietal,temporal parietal,R
17Networks_RH_TempPar_4,17networks_rh_temppar,17networks_rh_temppar,temporal parietal,temporal parietal,R
17Networks_RH_TempPar_5,17networks_rh_temppar,17networks_rh_temppar,temporal parietal,temporal parietal,R
17Networks_RH_TempPar_6,17networks_rh_temppar,17networks_rh_temppar,temporal parietal,temporal parietal,R
17Networks_RH_TempPar_7,17networks_rh_temppar,17networks_rh_temppar,temporal parietal,temporal parietal,R
17Networks_RH_TempPar_8,17networks_rh_temppar,17networks_rh_temppar,temporal parietal,temporal parietal,R
17Networks_RH_TempPar_9,17networks_rh_temppar,17networks_rh_temppar,temporal parietal,temporal parietal,R
17Networks_RH_TempPar_10,17networks_rh_temppar,17networks_rh_temppar,temporal parietal,temporal parietal,R
17Networks_RH_TempPar_11,17networks_rh_temppar,17networks_rh_temppar,temporal parietal,temporal parietal,R
17Networks_RH_TempPar_12,17networks_rh_temppar,17networks_rh_temppar,temporal parietal,temporal parietal,R
17Networks_RH_TempPar_13,17networks_rh_temppar,17networks_rh_temppar,temporal parietal,temporal parietal,R
